token,symbol,decimals
0xe62174753ea3275f65f4cf980dc002fea7887ea8,ðŸ¦„,18
0x3106a0a076bedae847652f42ef07fd58589e001f,$ADS,18
0xee06a81a695750e71a662b51066f2c74cf4478a0,$DG,18
0x9077f9e1efe0ea72867ac89046b2a6264cbcaef5,$HRIMP,18
0xa6368d7df5731eae98ccc7e4e1bf458bb0855e9d,$KIRBYRELOADED,18
0x4af698b479d0098229dc715655c667ceb6cd8433,$MAID,18
0xf5274576dc1c7bd4d5116bc8f9adf901b92abc6c,$wick,18
0x035df12e0f3ac6671126525f1015e47d79dfeddf,0XMR,18
0xc86817249634ac209bc73fca1712bbd75e37407d,1-UP,18
0x35872fea6a4843facbcdbce99e3b69596a3680b8,1337,4
0xa4ef4b0b23c1fc81d3f9ecf93510e64f58a4a016,1MIL,18
0xd5cd84d6f044abe314ee7e414d37cae8773ef9d3,1ONE,18
0x2c9c19ce3b15ae77c6d80aec3c1194cfd6f7f3fa,2CRZ,18
0x4f56221252d117f35e2f6ab937a3f77cad38934d,3CS,18
0xe552dfeae83f01ada1a5e071c7f590a63e3c24b8,420,18
0xb95f156b77373b470df75a798e5bad526e9ad70d,518,18
0xfeea0bdd3d07eb6fe305938878c0cadbfa169042,8PAY,18
0x8c6bf16c273636523c29db7db04396143770f6a0,AAA,18
0xbfd815347d024f449886c171f78fa5b8e6790811,AAPX,18
0x9ff4f50efd40c915f7d1476bf36acb8908e0c56d,ABC123,18
0x8d39041025e845d9c1828fc2fd9d8b497616665c,ABM,18
0xf9e149a2935bd69e80b50018134132794f8b43a2,ABQ,18
0xa11bd36801d8fa4448f0ac4ea7a62e3634ce8c7c,ABR,18
0x2feb105fbb4c922597b125c56822b3db7351b55d,ABST,4
0x9a0aba393aac4dfbff4333b06c407458002c6183,AC,18
0xbdb4a359a506b0997a257da767308436c7340245,ACE,18
0xed04915c23f00a313a544955524eb7dbd823143d,ACH,8
0xed363bafb0f50d99c6599427741d0380628b27f2,ADAM,18
0x635d081fd8f6670135d8a3640e2cf78220787d56,ADD,18
0x94d863173ee77439e4292284ff13fad54b3ba182,ADEL,18
0xade00c28244d5ce17d72e40330b1c318cd12b7c3,ADX,18
0xd932ba8adf16009e5571648e070f9eebb2f259c0,AES,18
0x2d80f5f5328fdcb6eceb7cacf5dd8aedaec94e20,AGA,4
0xb453f1f2ee776daf2586501361c457db70e1ca0f,AGAR,8
0xb3ed706b564bba9cab64042f4e1b391be7bebce5,AGF,18
0x5b7533812759b45c2b44c19e320ba2cd2681b542,AGIX,8
0x32353a6c91143bfd6c7d363b546e62a9a2489a20,AGLD,18
0xa704fce7b309ec09df16e2f5ab8caf6fe8a4baa9,AGRI,18
0xdb2f2bcce3efa95eda95a233af45f3e0d4f00e2a,AGS,8
0x37e8789bb9996cac9156cd5f5fd32599e6b91289,AID,18
0x3a810ff7211b40c4fa76205a14efe161615d0385,AIN,18
0x626e8036deb333b408be468f951bdb42433cbf18,AIOZ,18
0x3301ee63fb29f863f2333bd4466acb46cd8323e6,AKITA,18
0x00a8b738e453ffd858a7edf03bccfe20412f0eb0,ALBT,18
0x0000a1c00009a619684135b824ba02f7fbf3a572,ALCH,18
0xdbdb4d16eda451d0503b854cf79d55697f90c8df,ALCX,18
0xb339fca531367067e98d7c4f9303ffeadff7b881,ALD,18
0xb26c4b3ca601136daf98593feaeff9e0ca702a8d,ALD,18
0x27702a26126e0b3702af63ee09ac4d1a084ef628,ALEPH,18
0xac51066d7bec65dc4589368da368b212745d63e8,ALICE,6
0x6c16119b20fa52600230f074b349da3cb861a7e3,ALK,18
0x8185bc4757572da2a610f887561c32298f1a5748,ALN,18
0x455f7ef6d8bcfc35f9337e85aee1b0600a59fabe,ALOHA,18
0x7ca4408137eb639570f8e647d9bd7b7e8717514a,ALPA,18
0xaa99199d1e9644b588796f3215089878440d58e0,ALPHR,18
0xbc6da0fe9ad5f3b0d58160288917aa56653660e9,ALUSD,18
0x1de37068c22bc477a3d6f512e09c186d937e5a27,AMALGAM,18
0x7603de2ea4cbceb0250118de03fcb70fe1e8e935,AMC,18
0xff20817765cb7f73d4bde2e66e067e58d11095c2,AMP,18
0x2c9aceb63181cd08a093d052ec041e191f229692,ANB,18
0x6c7b97c7e09e790d161769a52f155125fac6d5a1,ANGEL,18
0xcd62b1c403fa761baadfc74c525ce2b51780b184,ANJ,18
0xcae72a7a0fd9046cf6b165ca54c9e3a3872109e0,ANRX,18
0xf99d58e463a2e07e5692127302c20a191861b4d6,ANY,18
0xfa898efdb91e35bd311c45b9b955f742b6719aa2,APED,18
0x0b38210ea11411557c13457d4da7dc6ea731b88a,API3,18
0xec02f6e35183d46da66c55f2aac1ad6f45474a8c,APING,18
0xd4342a57ecf2fe7ffa37c33cb8f63b1500e575e6,APN,18
0x4104b135dbc9609fc1a9490e61369036497660c8,APW,18
0x95a4492f028aa1fd432ea71146b433e7b4446611,APY,18
0xf7413489c474ca4399eee604716c72879eea3615,APYS,18
0xd34a24006b862f4e9936c506691539d6433ad297,AQUA,18
0xa92e7c82b11d10716ab534051b271d2f6aef7df5,ARA,18
0x1f3f9d3068568f8040775be2e8c03c103c61f3af,ARCH,18
0x3781731acd887b14d7f7f261f3aada7f6405868a,ARCN,18
0x0f71b8de197a1c84d31de0f1fa7926c365f052b3,ARCONA,18
0x1321f1f1aa541a56c31682c57b80ecfccd9bb288,ARCX,18
0x358aa737e033f34df7c54306960a38d09aabd523,ARES,18
0x28cca76f6e8ec81e4550ecd761f899110b060e97,ARGO,18
0xedf6568618a00c6f0908bf7758a16f76b6e04af9,ARIA20,18
0x1337def16f9b486faed0293eb623dc8395dfe46a,ARMOR,18
0x0c37bcf456bc661c14d596683325623076d7e283,ARNX,18
0x1337def18c680af1f9f45cbcab6309562975b1dd,ARNXM,18
0x34612903db071e888a4dadcaa416d3ee263a87b9,ARTE,18
0x0e3cc2c4fb9252d17d07c67135e48536071735d9,ARTH,18
0x741b0428efdf4372a8df6fb54b018db5e5ab7710,ARTX,18
0x3b73c1b2ea59835cbfcadade5462b6ab630d9890,ASAP,18
0xcc665390b03c5d324d8faf81c15ecee29a73bcb4,ASAP,18
0x0dc5189ec8cde5732a01f0f592e927b304370551,ASG,9
0x64d91f12ece7362f91a6f8e7940cd55f05060b92,ASH,18
0x5ef3347c34c69d5c6e0b25233a7b259ef34c1103,ASI,4
0xcbd55d4ffc43467142761a764763652b48b969ff,ASTRO,18
0x8052327f1baf94a9dc8b26b9100f211ee3774f54,ATD,18
0xdacd69347de42babfaecd09dc88958378780fb62,ATRI,0
0xa9b1eb5908cfc3cdf91f9b8b3a74108598009096,AUCTION,18
0x18aaa7115705e8be94bffebde57af9bfc265b998,AUDIO,18
0x94183cfacfaca73ba36a12a4cd7775fdae5fed69,AUR-0819,18
0x1c7bbadc81e18f7177a95eb1593e5f5f35861b10,AUSCM,18
0xfa6f7881e52fdf912c4a285d78a3141b089ce859,AVO,18
0x94d916873b22c9c1b53695f1c002f78537b9b3b2,AVS,18
0x0d88ed6e74bbfd96b831231638b66c05571e824f,AVT,18
0x793786e2dd4cc492ed366a94b88a3ff9ba5e7546,AXIAV3,18
0x71f85b2e46976bd21302b64329868fd15eb0d127,AXN,18
0xbb0e17ef65f82ab018d8edd776e8dd940327b28b,AXS,18
0x4b3a0c6d668b43f3f07904e124328659b90bb4ca,AceD,18
0xc4de189abf94c57f396bd4c52ab13b954febefd8,B20,18
0x6faa826af0568d1866fca570da79b318ef114dab,B21,18
0x3449fc1cd036255ba1eb19d65ff4ba2b8903a69a,BAC,18
0x175ab41e2cedf3919b2e4426c19851223cf51046,BACON,18
0x6bffa07a1b0cebc474ce6833eaf2be6326252449,BAEPAY,4
0x28a06c02287e657ec3f8e151a13c36a1d43814b0,BAG,18
0xf33121a2209609cadc7349acc9c40e41ce21c730,BAG,18
0x7a5ce6abd131ea6b148a022cb76fc180ae3315a6,BALPHA,18
0xe2311ae37502105b442bbef831e9b53c5d2e9b3b,BANANA,18
0x24a6a37576377f63f194caa5f518a60f45b42921,BANK,18
0x2d94aa3e47d9d5024503ca8491fce9a2fb4da198,BANK,18
0x374cb8c27130e2c9e04f44303f3c8351b9de61c1,BAO,18
0xa4644fb79f6fcc2f386b7be5b6a084889611adc9,BAOSHIBA,18
0x54c9ea2e9c9e8ed865db4a4ce6711c2a0d5063ba,BART,18
0x106538cc16f938776c7c180186975bca23875287,BAS,18
0x07150e919b4de5fd6a63de1f9384828396f25fdc,BASE,9
0x44564d0bd94343f72e3c8a0d22308b7fa71db0bb,BASK,18
0xa7ed29b253d8b4e3109ce07c80fc570f81b63696,BASV1,18
0x9a0242b7a33dacbe40edb927834f96eb39f8fbcb,BAX,18
0xea47b64e1bfccb773a0420247c0aa0a3c1d2e5c5,BAYC,18
0xf4b5470523ccd314c6b9da041076e7d79e0df267,BBANK,18
0x9800af4ee8ee12f9548dc954d0bc492756af5acc,BBT,18
0x9be89d2a4cd102d8fecc6bf9da793be995c22541,BBTC,8
0xacfa209fb73bf3dd5bbfb1101b9bc999c49062a5,BCDT,18
0x2ba8349123de45e931a8c8264c332e6e9cf593f9,BCMC,18
0xe4f726adc8e89c6a6017f01eada77865db22da14,BCP,18
0xe047705117eb07e712c3d684f5b18e74577e83ac,BCP,8
0x93c9175e26f57d2888c7df8b470c9eea5c0b0a93,BCUBE,18
0x14da7b27b2e0fedefe0a664118b0c9bc68e2e9af,BCUG,18
0x8d717ab5eac1016b64c2a7fd04720fd2d27d1b86,BCVT,18
0x92416e32042c9e67b0771a1b00bcdf92ecb64950,BDOG,18
0xf3dcbc6d72a4e1892f7917b7c43b74131df8480e,BDP,18
0x7bce667ef12023dc5f8577d015a2f09d99a5ef58,BDT,18
0x4efe8665e564bf454ccf5c90ee16817f7485d5cf,BDT,18
0xdc59ac4fefa32293a95889dc396682858d52e5db,BEAN,6
0xa91ac63d040deb1b7a5e4d4134ad23eb0ba07e14,BEL,18
0xcf3c8be2e2c42331da80ef210e9b1b307c03d36a,BEPRO,18
0xbe1a001fe942f96eea22ba08783140b9dcc09d28,BETA,18
0x35f67c1d929e106fdff8d1a55226afe15c34dbe2,BETA,18
0x0c7d5ae016f806603cb1782bea29ac69471cab9c,BFC,18
0xf680429328caaacabee69b7a9fdb21a71419c063,BFLY,18
0xba7970f10d9f0531941dced1dda7ef3016b24e5b,BGLD,18
0x7a545ed3863221a974f327199ac22f7f12535f11,BGTT,18
0x4a6be56a211a4c4e0dd4474d524138933c17f3e3,BHIBA,9
0x25e1474170c4c0aa64fa98123bdc8db49d7802fa,BID,18
0x00000000000045166c45af0fc6e4cf31d9e14b9a,BID,18
0x2791bfd60d232150bff86b39b7146c0eaaa2ba81,BIFI,18
0x0239d3a3485ec54511bee9d77d92695e443bf060,BILL,18
0x384e12f6bc9e4f1f0c42f57a28652750a4d53c09,BINU,18
0x29641e1096d4240b09a933839feac57b200652a4,BIOP,18
0xaaca86b876ca011844b5798eca7a67591a9743c8,BIOS,18
0x70401dfd142a16dc7031c56e862fc88cb9537ce0,BIRD,18
0x6e8908cfa881c9f6f2c64d3436e7b80b1bf0093f,BIST,18
0x1a4b46696b2bb4794eb3d4c26f1c55f9170fa4c5,BIT,18
0x4eed0fa8de12d5a86517f214c2f11586ba2ed88d,BITE,18
0x9f9913853f749b3fe6d6d4e16a1cc3c1656b6d51,BITT,18
0xd714d91a169127e11d8fab3665d72e8b7ef9dbe2,BLACK,18
0x936ff029bcefb5a12275b9a72f79f2bed17a85fd,BLACKHOLE,18
0xaec7e1f531bb09115103c53ba76829910ec48966,BLANK,18
0x41a3dba3d677e573636ba691a70ff2d606c29666,BLANK,18
0xe796d6ca1ceb1b022ece5296226bf784110031cd,BLES,18
0x065cc8636a00c007276ed9cb874cd59b89e6609b,BLL,18
0xdc190ea63142c7522dd56077f9b48b5073e3bd49,BLND,18
0x8a6d4c8735371ebaf8874fbd518b56edd66024eb,BLOCKS,18
0x927937aa4c989f8c907941e39abd79cc2bfd7cb1,BLUE,18
0x38d9eb07a7b8df7d86f440a4a5c4a4c1a27e1a08,BLXM,18
0xf03045a4c8077e38f3b8e2ed33b8aee69edf869f,BMH,18
0x725c263e32c72ddc3a19bea12c5a0479a81ee688,BMI,18
0x84cd68c3e470ecee4b8b6212efcb8c6bcb38da1d,BND,18
0x1de5e000c41c8d35b9f1f4985c23988f05831057,BNF,18
0x84d821f7fbdd595c4c4a50842913e6b1e07d7a53,BNPL,18
0x746dda2ea243400d5a63e0700f190ab79f06489e,BOA,7
0xd5930c307d7395ff807f2921f12c5eb82131a789,BOLT,18
0x5dc02ea99285e17656b8350722694c35154db1e8,BOND,8
0x0391d2021f89dc339f60fff84546ea23e337750f,BOND,18
0xd2dda223b2617cb616c1580db421e4cfae6a8a85,BONDLY,18
0x91dfbee3965baaee32784c2d546b7a0c62f268c9,BONDLY,18
0x9813037ee2218799597d83d4a5b6f3b6778218d9,BONE,18
0x3e780920601d61cedb860fe9c4a90c9ea6a35e78,BOOST,18
0x3c9d6c1c73b31c837832c72e04d3152f051fc1a9,BOR,18
0xc477d038d5420c6a9e0b031712f61c5120090de9,BOSON,18
0x5beabaebb3146685dd74176f68a0721f91297d37,BOT,18
0xf9fbe825bfb2bf3e387af0dc18cac8d87f29dea8,BOTS,18
0x9dfad1b7102d46b1b197b90095b5c4e9f5845bba,BOTTO,18
0x52d904eff2605463c2f0b338d34abc9b7c3e3b08,BPP,18
0xbbbbbbb5aa847a2003fbc6b5c16df0bd1e725f61,BPRO,18
0x0ec9f76202a7061eb9b3a7d6b59d36215a7e37da,BPT,18
0x4639cd8cd52ec1cf2e496a606ce28d8afb1c792f,BREE,18
0x679fa6dc913acab6def33ec469fc6e421bc794f5,BRIBE,18
0xbeab712832112bd7664226db7cd025b153d3af55,BRIGHT,18
0x4674a4f24c5f63d53f22490fb3a08eaaad739ff8,BRKL,18
0xa478a13242b64629bff309125770b69f75bd77cb,BSB,18
0x76c5449f4950f6338a393f53cda8b53b0cd3ca3a,BT,18
0x32e6c34cd57087abbd59b5a4aecc4cb495924356,BTBS,18
0x0327112423f3a68efdf1fcf402f6c5cb9f7c33fd,BTC++,18
0x0b498ff89709d3838a063f1dfa463091f9801c2b,BTC2x-FLI,18
0x05079687d35b93538cbd59fe5596380cae9054a9,BTSG,18
0x7b123f53421b1bf8533339bfbdc7c98aa94163db,BUIDL,18
0x6e36556b3ee5aa28def2a8ec3dae30ec2b208739,BUILD,18
0xa143ac515dca260a46c742c7251ef3b268639593,BULK,18
0x106238737b85b4220c7a7ddfd5c4caf8597281fe,BURNX,18
0x33f391f4c4fe802b70b77ae37670037a92114a7c,BURP,18
0x5cb3ce6d081fb00d5f6677d196f2d70010ea3f4a,BUSY,18
0x5c4ac68aac56ebe098d621cd8ce9f43270aaa355,BXIOT,6
0x54f9b4b4485543a815c51c412a9e20436a06491d,BXX,18
0x4bb3205bf648b7f59ef90dee0f1b62f6116bc7ca,BYN,18
0x6524b87960c2d573ae514fd4181777e7842435d4,BZN,18
0x56d811088235f11c8920698a204a5010a788f4b3,BZRX,18
0x19062190b1925b5b6689d7073fdfc8c2976ef8cb,BZZ,16
0xf1a91c7d44768070f711c68f33a7ca25c8d30268,C3,18
0xf2ef3551c1945a7218fc4ec0a75c9ecfdf012a4f,C4G3,18
0xae12c5930881c53715b369cec7606b70d8eb229f,C98,18
0x43044f861ec040db59a7e324c40507addb673142,CAP,18
0x03be5c903c727ee2c8c4e9bc0acc860cca4715e2,CAPS,18
0x03a5d1d4c764decf50ae12decbed8a51a421faa0,CAPT,18
0x954b890704693af242613edef1b603825afcd708,CARD,18
0x3d6f0dea3ac3c607b3998e6ce14b6350721752d9,CARDS,18
0x56015bbe3c01fe05bc30a8a9a9fd9a88917e7db3,CAT,18
0xa42f266684ac2ad6ecb00df95b1c76efbb6f136c,CATE,18
0xb7fbff4ce5200215c690cc95855e5d6c5236ee9f,CC,18
0x9e547061a345015869d26c7b6ee4ab5b63424441,CC,18
0x17ac188e09a7890a1844e5e65471fe8b0ccfadf3,CC10,18
0x177d39ac676ed1c67a2b268ad7f1e58826e5b0af,CDT,18
0x8f12dfc7981de79a8a34070a732471f2d335eece,CE,18
0x26c8afbbfe1ebaca03c2bb082e69d0476bffe099,CELL,18
0x63b4f3e3fa4e438698ce330e365e831f7ccd1ef4,CFI,18
0x1fe24f25b1cf609b9c4e7e12d802e3640dfa5e43,CGG,18
0x06af07097c9eeb7fd685c692751d5c66db49c215,CHAI,18
0xc4c2614e694cf534d407ee49f8e44d125e4681c4,CHAIN,18
0xb53de031602cd825febe9f2eedf962cd8cc3805d,CHAOS,18
0x1d37986f252d0e349522ea6c3b98cb935495e63e,CHART,18
0x4ecb692b0fedecd7b486b4c99044392784877e8c,CHERRY,4
0x0000000000004946c0e9f43f4dee607b0ef1fa1c,CHI,0
0x6dc02164d75651758ac74435806093e421b64605,CHI,8
0x26ff6d16549a00ba8b36ce3159b5277e6e798d18,CHIHUA,18
0x5c761c1a21637362374204000e383204d347064c,CHIZ,18
0x84679bc467dc6c2c40ab04538813aff3796351f1,CHONK,18
0x8a2279d4a90b6fe1c4b30fa660cc9f926797baa2,CHR,6
0xa01199c61841fce3b3dafb83fefc1899715c8756,CIRUS,18
0x37fe0f067fa808ffbdd12891c0858532cfe7361d,CIV,18
0xf7269a10e85d4aa8282529516cf86847748da2bf,CLA,18
0x0def8d8adde14c9ef7c2a986df3ea4bd65826767,CLIQ,18
0xa4e4ff5a3aea352378a3bfefef13765130909376,CLOCK,18
0x675bbc7514013e2073db7a919f6e4cbef576de37,CLS,18
0x80c62fe4487e1351b47ba49809ebd60ed085bf52,CLV,18
0x22222c03318440305ac3e8a7820563d6a9fd777f,CLV,6
0xc52e23194476b1dd39408cb0b9d935da8e6db3d6,CLVA,18
0x68cfb82eacb9f198d508b514d898a403c449533e,CMK,18
0x9f20ed5f919dc1c1695042542c13adcfc100dcab,CMP,18
0xeabb8996ea1662cad2f7fb715127852cd3262ae9,CNFI,18
0x8e2b4badac15a4ec8c56020f4ce60faa7558c052,CNFT,18
0x00a55375002f3cda400383f479e7cd57bad029a9,CNJ,18
0x429876c4a6f89fb470e92456b8313879df98b63c,CNT,18
0x03042482d64577a7bdb282260e2ea4c8a89c064b,CNTR,18
0x22b6c31c2beb8f2d0d5373146eed41ab9ede3caf,COC,8
0x3136ef851592acf49ca4c825131e364170fa32b3,COFI,18
0xc382e04099a435439725bb40647e2b32dc136806,COGE,18
0xe61fdaf474fac07063f2234fb9e60c1163cfa850,COIN,18
0x87b008e57f640d94ee44fd893f0323af933f9195,COIN,18
0x957891c11616d3e0b0a76a76fb42724c382e0ef3,COLL,18
0x9783b81438c24848f85848f8df31845097341771,COLLAR,18
0xc92276872cd1907d2e00b58a81a9bbd275b0a4ba,COLLG,18
0xffffffff2ba8f66d4e51811c5190992176930278,COMBO,18
0x752efadc0a7e05ad1bcccda22c141d01a75ef1e4,COMFI,18
0x40d2025ed2e89632d3a41d8541df9ed2ac0e2b1c,CON,18
0xc834fa996fa3bec7aad3693af486ae53d8aa8b50,CONV,18
0xff75ced57419bcaebe5f05254983b013b0646ef5,COOK,18
0x114f1388fab456c4ba31b1850b244eedcd024136,COOL,18
0x2dab4ce3490bb50b2ea4c07ab1b6a9cfe29d89b3,COOL20,18
0x25b539b1c179fbe2af92abdfdc7e152cbc97addc,COOOM,18
0x9c2dc0c3cc2badde84b0025cf4df1c5af288d835,COR,18
0x0077d27cb82ff12322987b225bfce0bb6e8931b4,CORA,18
0xa456b515303b2ce344e9d2601f91270f8c2fea5e,CORN,18
0x668c50b1c7f46effbe3f242687071d7908aab00a,COSHI,9
0x5c872500c00565505f3624ab435c222e558e9ff8,COT,18
0xddb3422497e61e13543bea06989c0789117555c5,COTI,18
0xada86b1b313d1d5267e3fc0bb303f0a2b66d0ea7,COV,18
0x3d658390460295fb963f54dc0899cfb1c30776df,COVAL,8
0x4688a8b1f292fdab17e9a90c8bc379dc1dbd8713,COVER,18
0x9b31bb425d8263fa1b8b9d090b83cf0c31665355,CPD,18
0xe0bdfe2ce51f44556309665d59818ccb541ff067,CPTE,18
0xd417144312dbf50465b1c641d016962017ef6240,CQT,18
0xcdeee767bed58c5325f68500115d4b722b3724ee,CRBN,18
0xed7fa212e100dfb3b13b834233e4b680332a3420,CRED,18
0xc13f4f0f865bac08f62654b57e38669ebc4747a3,CREDS,18
0xcbc1065255cbc3ab41a6868c22d1f1c573ab89fd,CRETH2,18
0xc0ada8ef0c811fdd3059bb6df5f5947d708f80ae,CROP,18
0x32a7c02e79c4ea1008dd6564b35f131428673c41,CRU,18
0xdbddf072d7aae7b9288e31a4eebe6c54e3a143b1,CRWNY,18
0x2620638eda99f9e7e902ea24a285456ee9438861,CSM,18
0x196c81385bc536467433014042788eb707703934,CTASK,18
0x8c18d6a985ef69744b9d57248a45c0861874f244,CTI,18
0x923b83c26b3809d960ff80332ed00aa46d7ed375,CTR,18
0x491604c0fdf08347dd1fa4ee062a822a5dd06b5d,CTSI,18
0x321c2fe4446c7c963dc41dd58879af648838f98d,CTX,18
0xdf801468a808a32656d2ed2d2d80b72a129739f4,CUBE,8
0xecd20f0ebc3da5e514b4454e3dc396e7da18ca6a,CUDL,18
0x817bbdbc3e8a1204f3691d14bb44992841e3db35,CUDOS,18
0xb44a59d72cb84a2f29cd1836734208e1860798fd,CULTUR,18
0xd6327ce1fb9d6020e8c2c0e124a1ec23dcab7536,CUMINU,18
0x13339fd07934cd674269726edf3b5ccee9dd93de,CUR,18
0x089a502032166e07ae83eb434c16790ca2fa4661,CURE,18
0xc2d3ae29c8309c14994d02ecd228cf86f3efde77,CURRY,18
0x38e4adb44ef08f22f5b5b76a8f0c2d0dcbe7dca1,CVP,18
0x3c03b4ec9477809072ff9cc9292c9b25d4a8e6c6,CVR,18
0x4e3fbd56cd56c3e72c1403e103b45db9da5b9d2b,CVX,18
0x62b9c7356a2dc64a1969e19c23e4f579f9810aa7,CVXCRV,18
0xd55236d48606c295adebf129dad04fc74bfaa708,CW,18
0xe74dc43867e0cbeb208f1a012fc60dcbbf0e3044,CWAP,18
0xac0104cca91d167873b8601d2e71eb3d4d8c33e0,CWS,18
0xb6ee9668771a79be7967ee29a63d4184f8097143,CXO,18
0x481578423221a35b9358cfe5400d202d2bdc66f1,CYBERD,18
0x8861cff2366c1128fd699b68304ad99a0764ef9a,CYC,18
0xbf25ea982b4f850dafb4a95367b890eee5a9e8f2,Ckita,8
0x8281ee37f164c0e26e6b6f87e7695baac256df07,DAC,18
0xfc979087305a826c2b2a0056cfaba50aad3e6439,DAFI,18
0x40955d77f87123b71b145098358a60573ac7be96,DAISY,18
0x9dfc4b433d359024eb3e810d77d60fbe8b0d9b82,DANDY,18
0x9ea1ae46c15a4164b74463bc26f8aa3b0eea2e6e,DANK,18
0x0f51bb10119727a7e5ea3538074fb341f56b09ad,DAO,18
0xd82bb924a1707950903e2c0a619824024e254cd1,DAOFI,18
0x7f6b4d98789d283622d6b85d0efa3a7928c59b89,DAOMSTR,18
0x5a4623f305a8d7904ed68638af3b4328678eddbf,DART,18
0x580c8520deda0a441522aeae0f9f7a5f29629afa,DAWN,18
0x18f462815e21b6dacd2803d8d840972a399e7bcc,DBOT,18
0x4ece5c5cfb9b960a49aae739e15cdb6cfdcc5782,DBUY,9
0xb566e883555aebf5b1db211070b530ab00a4b18a,DCTD,18
0x8ca9a0fbd8db501f013f2e9e33a1b9dc129a48e0,DDDD,18
0xfbeea1c75e4c4465cb2fccc9c6d6afe984558e20,DDIM,18
0x7fbec0bb6a7152e77c30d005b5d49cbc08a602c3,DDOS,18
0xf9fbaefde7112f78fa9bfe813341f0f49f888cb3,DDS,18
0x3a880652f47bfaa771908c07dd8673a787daed3a,DDX,18
0x80ab141f324c3d6f2b18b030f1c4e95d4d658778,DEA,18
0x9393fdc77090f31c7db989390d43f454b1a6e7f3,DEC,3
0x30f271c9e86d2b7d00a6376cd96a1cfbd5f0b9b3,DEC,18
0x78f225869c08d478c34e5f645d07a87d3fe8eb78,DEFI+L,18
0xad6a626ae2b43dcb1b39430ce496d2fa0365ba9c,DEFI+S,18
0xfa6de2697d59e88ed7fc4dfe5a33dac43565ea41,DEFI5,18
0x84cffa78b2fbbeec8c37391d2b12a04d2030845e,DEFIT,18
0xe481f2311c774564d517d015e678c2736a25ddd3,DEFO,18
0x126c121f99e1e211df2e5f8de2d96fa36647c855,DEGEN,18
0x469e66e06fec34839e5eb1273ba85a119b8d702f,DEGOV,18
0xfcfc434ee5bff924222e084a8876eee74ea7cfba,DELTARLP,18
0xa0bed124a09ac2bd941b10349d8d224fe3c955eb,DEPAY,18
0x9fa69536d1cda4a04cfb50688294de75b505a9ae,DERC,18
0xa487bf43cf3b10dffc97a9a744cbb7036965d3b9,DERI,18
0x634239cfa331df0291653139d1a6083b9cf705e3,DES,18
0x3b62f3820e0b035cc4ad602dece6d796bc325325,DEUS,18
0x5caf454ba92e6f2c929df14667ee360ed9fd5b26,DEV,18
0xde4ee8057785a7e8e800db58f9784845a5c2cbd6,DEXE,18
0xb81d70802a816b5dacba06d708b5acf19dcd436d,DEXG,18
0xcbe40c0efe2c40fab7018e6d901ad1b97712426f,DEXO,18
0xfb7b4564402e5500db5bb6d63ae671302777c75a,DEXT,18
0x26ce25148832c04f3d7f26f32478a9fe55197166,DEXT,18
0x5f64ab1544d28732f0a24f4713c2c8ec0da089f0,DEXTF,18
0x431ad2ff6a9c365805ebad47ee021148d6f7dbe0,DF,18
0x20c36f062a31865bed8a5b1e512d9a1a20aa333a,DFD,18
0xee3b9b531f4c564c70e14b7b3bb7d516f33513ff,DFIO,18
0x09ce2b746c32528b7d864a1e3979bd97d2f095ab,DFL,18
0xd2adc1c84443ad06f0017adca346bd9b6fc52cab,DFND,18
0x2f57430a6ceda85a67121757785877b4a71b8e6d,DFP2,18
0x54ee01beb60e745329e6a8711ad2d6cb213e38d7,DFSOCIAL,18
0xf1f5de69c9c8d9be8a7b01773cc1166d4ec6ede2,DFX,18
0x888888435fde8e7d4c54cab67f206e4199454c60,DFX,18
0x9695e0114e12c0d3a3636fab5a18e6b737529023,DFYN,18
0x53c8395465a84955c95159814461466053dedede,DG,18
0x63b8b7d4a3efd0735c4bffbd95b332a55e4eb851,DGCL,18
0x6a55b1105497ce7939349f83cfe8b966845b1eb8,DGLD,18
0x26e43759551333e57f073bb0772f50329a957b30,DGVC,18
0x152687bc4a7fcc89049cf119f9ac3e5acf2ee7ef,DHC,18
0xca1207647ff814039530d7d35df0e1dd2e91fa84,DHT,18
0x62dc4817588d53a056cbbd18231d91ffccd34b2a,DHV,18
0x2e071d2966aa7d8decb1005885ba1977d6038a65,DICE,16
0x3cbf23c081faa5419810ce0f6bc1ecb73006d848,DIGI,18
0xbb1ee07d6c7baeb702949904080eb61f5d5e7732,DINU,18
0xc719d010b63e5bbf2c0551872cd5316ed26acd83,DIP,18
0x220b71671b649c03714da9c621285943f3cbcdc6,DIS,18
0xfb782396c9b20e564a64896181c7ac8d8979d5f4,DIVER,18
0xb5e09e6bf6a5e96934b3fd99a40f7edaca1173ed,DIVINE,18
0x5d269fac3b2e0552b0f34cdc253bdb427682a4b9,DJ15,9
0xc0ba369c8db6eb3924965e5c4fd0b4c1b91e305f,DLP-DUCK,18
0x0000000de40dfa9b17854cbc7869d80f9f98d823,DLTA,18
0xf29992d7b589a0a6bd2de7be29a97a6eb73eaf85,DMST,18
0x79126d32a86e6663f3aaac4527732d0701c1ae6c,DMT,18
0x20a8cec5fffea65be7122bcab2ffe32ed4ebf03a,DNXC,18
0xe7ab45162f5979f09b0bda1cc7dfc97c270ea3d5,DOBE,18
0xbaac2b4491727d78d2b78815144570b9f2fe8899,DOG,18
0x80bb277f4355a43cdbb86a82f9876c946476d9eb,DOGDEFI,18
0x4206931337dc273a630d328da6441786bfad668f,DOGE,8
0x11cfda8c07eaf4903329458fe5826528dad65cb6,DOGEFATHER,18
0x9b9087756eca997c5d595c840263001c9a26646d,DOGEFI,18
0xfb130d93e49dca13264344966a611dc79a456bc5,DOGEGF,18
0x17eb50fdd2995696ee82912a80a9766fcbb0ecca,DOGEN,18
0x559efe1d7a54fb1c7f25a036952f8498cdf02edb,DOGG,18
0x903904cb39bac33d4983ead3b3f573d720c7965e,DOGUS,18
0x9c405acf8688afb61b3197421cdeec1a266c6839,DOGY,18
0x82a77710495a35549d2add797412b4a4497d33ef,DOGZ,18
0x9ceb84f92a0561fa3cc4132ab9c0b76a59787544,DOKI,18
0x865377367054516e17014ccded1e7d814edc9ce4,DOLA,18
0x217ddead61a42369a266f1fb754eb5d3ebadc88a,DON,18
0x4576e6825b462b6916d2a41e187626e9090a92c6,DON,18
0x058bc8ef040bd3971418e36aa88b64899378ccf4,DONA,18
0xe4f6d46c244bb7cf3e218cdfb5c35cf9a4d9c920,DONK,18
0xc0f9bd5fa5698b6505f643900ffa515ea5df54a9,DONUT,18
0x6bb61215298f296c55b19ad842d3df69021da2ef,DOP,18
0xbc4171f45ef0ef66e76f979df021a34b46dcc81d,DORA,18
0x0a913bead80f321e7ac35285ee10d9d922659cb7,DOS,18
0xfab5a05c933f1a2463e334e011992e897d56ef0a,DOTX,18
0xad32a8e6220741182940c5abf610bde99e737b2d,DOUGH,18
0xac3211a5025414af2866ff09c23fc18bc97e79b1,DOV,18
0x661ab0ed68000491d98c796146bcf28c20d7c559,DOWS,18
0x875353da48c4f9627c4d0b8b8c37b162fc43ce67,DPH,18
0xf3ae5d769e153ef72b4e3591ac004e89f48107a1,DPR,18
0xb78b3320493a4efaa1028130c5ba26f0b6085ef8,DRACULA-DRC,18
0xa150db9b1fa65b44799d4dd949d922c0a33ee606,DRC,0
0x9d561d63375672abd02119b9bc4fb90eb9e307ca,DRCT,18
0x9af4f26941677c706cfecf6d3379ff01bb85d5ab,DRT,8
0x3ee6e46f52c475c52040b934745501f2a0cea252,DSCVR,18
0xbd2f0cd039e0bfcf88901c98c0bfac5ab27566e3,DSD,18
0x1e3a2446c729d34373b87fd2c9cbb39a93198658,DSD,18
0x3affcca64c2a6f4e3b6bd9c64cd2c969efd1ecbe,DSLA,18
0xb57420fad6731b004309d5a0ec7c6c906adb8df7,DTO,18
0x92e187a03b6cd19cb6af293ba17f2745fd2357d5,DUCK,18
0xffe136de12a2cd95f64cef9f36414c93e9003959,DUCK,18
0xdada00a9c23390112d08a1377cc59f7d03d9df55,DUNG,18
0x424242115b5bbdc12a1f5c06dd8dd0ddd03c321d,DUST,18
0x77dce26c03a9b833fc2d7c31c22da4f42e9d9582,DVD,18
0xdddddd4301a082e62e84e43f474f044423921918,DVF,18
0x51e00a95748dbd2a3f47bc5c3b3e7b3f0fea666c,DVG,18
0x7dee45dff03ec7137979586ca20a2f4917bac9fa,DWZ,18
0x8b6dd24bcb2d0aea92c3abd4eb11103a5db6d714,DXIOT,18
0x528b3e98c63ce21c6f680b713918e0f89dfae555,DXO,18
0x39fa206c1648944f92e8f7b626e1cbdf78d7e9db,DXY,18
0x92d6c1e31e14520e676a687f0a93788b716beff5,DYDX,18
0x961c8c0b1aad0c0b10a51fef6a867e3091bcef17,DYP,18
0x044f613cdfffbac8bba42283dd8d97b81c8b3f3c,DogeDao,18
0xa0c995f7d051e85afd817caeabb352cc13671009,EAGLE,9
0x913d8adf7ce6986a8cbfee5a54725d9eea4f0729,EASY,18
0x33840024177a7daca3468912363bed8b425015c5,EBOX,18
0xc242eb8e4e27eae6a2a728a41201152f19595c83,ECO,18
0xfbbe9b1142c699512545f47937ee6fae0e4b0aa9,EDDA,18
0x4ec1b60b96193a64acae44778e51f7bff2007831,EDGE,18
0x79c5a1ae586322a07bfb60be36e1b31ce8c84a1e,EDI,18
0x656c00e1bcd96f256f224ad9112ff426ef053733,EFI,18
0x2aa5ce395b00cc486159adbdd97c55b535cf2cf9,EGT,18
0x96610186f3ab8d73ebee1cf950c750f3b1fb79c2,EJS,18
0x2781246fe707bb15cee3e5ea354e2154a2877b16,EL,18
0x6c37bf4f042712c978a73e3fd56d1f5738dd7c43,ELET,18
0x761d38e5ddf6ccf6cf7c55759d5210750b5d60f3,ELON,18
0x09e333e720e1bd0fe82d188d6aed36d22f96d399,ELONDM,18
0x380291a9a8593b39f123cf39cc1cc47463330b1f,ELT,18
0x9048c33c7bae0bbe9ad702b17b4453a83900d154,ELX,18
0xdb0acc14396d108b3c5574483acb817855c9dc8d,EMB,8
0xd6a5ab46ead26f49b03bbb1f9eb1ad5c1767974a,EMON,18
0xbd2949f67dcdc549c6ebe98696449fa79d988a9f,EMTRG,18
0xd779eea9936b4e323cddff2529eb6f13d0a4d66e,ENTR,18
0xd0d7a9f2021958e51d60d6966b7bbed9d1cb22b5,ENX,10
0x72630b1e3b42874bf335020ba0249e3e9e47bafc,EPAN,18
0x2b5ca2f9510cf1e3595ff219f24d75d4244585ea,EPAY,18
0x4da0c48376c277cdbd7fc6fdc6936dee3e4adf75,EPIK,18
0xdaf88906ac1de12ba2b1d2f7bfc94e9638ac40c4,EPK,18
0xbd3de9a069648c84d27d74d701c9fa3253098b15,EQX,18
0x1da87b114f35e1dc91f72bf57fc07a768ad40bb0,EQZ,18
0xbbc2ae13b23d715c30720f079fcd9b4a74093505,ERN,18
0xc1fa06e8596c3fa98ccd2113c38b6b60b6efa00d,EROTICA,18
0x07bac35846e5ed502aa91adf6a9e7aa210f2dcbe,EROWAN,18
0x0a0e3bfd5a8ce610e735d4469bc1b3b130402267,ERP,18
0x36f3fd68e7325a35eb768f1aedaae9ea0689d723,ESD,18
0xbdab72602e9ad40fc6a6852caf43258113b8f7a5,ESOV,18
0xfc05987bd2be489accf0f509e44b0145d68240f7,ESS,18
0xa0471cdd5c0dc2614535fd7505b17a651a8f0dab,ESWA,18
0xeeeeeeeeeeeeeeeeeeeeeeeeeeeeeeeeeeeeeeee,ETH,18
0xaa6e8127831c9de45ae56bb1b0d4d4da6e5665bd,ETH2x-FLI,18
0x96b52b5bf8d902252d0714a1bd2651a785fd2660,ETHBN,18
0xfd09911130e6930bf87f2b0554c44f400bd80d3e,ETHIX,18
0x340ef83ec8560892168d4062720f030460468656,ETHM,18
0xeeeeeeeee2af8d0e1940679860398308e0ef24d6,ETHV,18
0x0bead9a1bcc1b84d06e3f2df67e3549fd55ab054,EURXB,18
0xd6caf5bd23cf057f5fccce295dcc50c01c198707,EVA,18
0x5aaefe84e0fb3dd1f0fcff6fa7468124986b91bd,EVED,18
0x9af15d7b8776fa296019979e70a5be53c714a7ec,EVN,18
0x9a24b8e8a6d4563c575a707b1275381119298e60,EVNY,18
0x178c820f862b14f316509ec36b13123da19a6054,EWTB,18
0xd6c67b93a7b248df608a653d82a100556144c5da,EXNT,16
0x6468e79a80c0eab0f9a2b574c8d5bc374af59414,EXRD,18
0xe469c4473af82217b30cf17b10bcdb6c8c796e75,EXRN,0
0xb20043f149817bff5322f1b928e89abfc65a9925,EXRT,8
0x155ff1a85f440ee0a382ea949f24ce4e0b751c65,EYE,18
0x511f7db02f793f48879bd2e7a780aa50cfee90b3,EYFI,18
0x00aba6fe5557de1a1d565658cbddddf7c710a1eb,EZ,18
0x38a94e92a19e970c144ded0b2dd47278ca11cc1f,F9,9
0xcda2f16c6aa895d533506b426aff827b709c87f5,FAI,18
0x9b20dabcec77f6289113e61893f7beefaeb1990a,FAIR,18
0xc888a0ab4831a29e6ca432babf52e353d23db3c2,FAST,18
0xf4d861575ecc9493420a3f5a14f85b13f0b50eb3,FCL,18
0x14cfc7aeaa468e8c789785c39e0b753915aeb426,FDD,18
0x212ceb1923f5ab3393ba4d1b8f14761179d07fba,FDOGE,18
0x88a9a52f944315d5b4e917b9689e65445c401e83,FEAR,18
0x956f47f50a910163d8bf957cf5846d573e7f87ca,FEI,18
0x539f3615c1dbafa0d008d87504667458acbd16fa,FERA,18
0xaea46a60368a7bd060eec7df8cba43b7ef41ad85,FET,18
0x9fb83c0635de2e815fd1c21b3a292277540c2e8d,FEVR,18
0x60e46a4dd91d10506d8efa2caa266e7191fe7ea8,FEWGO,18
0x7e9d8f07a64e363e97a648904a89fb4cd5fb94cd,FF,18
0xabafa52d3d5a2c18a4c1ae24480d22b831fc0413,FFF,18
0x509eece4793b46e4d81c0d4cb0a5a0c26c45e304,FGLD,18
0x054f76beed60ab6dbeb23502178c52d6c5debe40,FIN,18
0xf921ae2dac5fa128dc0f6168bf153ea0943d2d43,FIRE,8
0xef3a930e1ffffacd2fc13434ac81bd278b0ecc8d,FIS,18
0x2604e9f68259e609e8744fb67cc410d50fc9aa0f,FISH,18
0x30bcd71b8d21fe830e493b30e90befba29de9114,FISH,18
0xffed56a180f23fd32bc6a1d8d3c09c283ab594a8,FL,18
0x20398ad62bb2d930646d45a6d4292baa0b860c1f,FLASH,18
0xb05097849bca421a3f51b249ba6cca4af4b97cb9,FLOAT,18
0x60f63b76e2fc1649e57a3489162732a90acf59fe,FLURRY,18
0x469eda64aed3a3ad6f868c44564291aa415cb1d9,FLUX,18
0x85f6eb2bd5a062f5f8560be93fb7147e16c81472,FLY,4
0x99c6e435ec259a7e8d65e1955c9423db624ba54c,FMT,18
0xaa9d866666c2a3748d6b23ff69e63e52f08d9ab4,FMTA,18
0xb5fe099475d3030dde498c3bb6f3854f762a48ad,FNK,18
0xdc5864ede28bd4405aa04d93e05a0531797d9d59,FNT,6
0x4c2e59d098df7b6cbae0848d66de2f8a4889b9c3,FODL,18
0x76851a93977bea9264c32255b6457882035c7501,FOGE,9
0xa8580f3363684d76055bdc6660caefe8709744e1,FOL,18
0xd084944d3c05cd115c09d072b9f44ba3e0e45921,FOLD,18
0x4c25bdf026ea05f32713f00f73ca55857fbf6342,FONT,18
0x6807d7f7df53b7739f6438eabd40ab8c262c0aa8,FORCE,18
0x2c31b10ca416b82cec4c5e93c615ca851213d48d,FORCE,18
0x21381e026ad6d8266244f2a583b35f9e4413fa2a,FORM,18
0x77fba179c79de5b7653f68b5039af940ada60ce0,FORTH,18
0xf6ea0e60cee427b90aa36f327ee61d1d4cabc49f,FOTO,18
0x4730fb1463a6f1f44aeb45f6c5c422427f37f4d0,FOUR,18
0xc770eefad204b5180df6a14ee197d99d808ee52d,FOX,18
0xc626e0619ac79afea9281c8eb9b1a9f9d3fab532,FR,18
0x853d955acef822db058eb8505911ed77f175b99e,FRAX,18
0xc2bd7a597391f31d2e36c2cb769fce0e5bd6d482,FREE,18
0x2f141ce366a2462f02cea3d12cf93e4dca49e4fd,FREE,18
0x29ceddcf0da3c1d8068a7dfbd0fb06c2e438ff70,FREL,18
0xe5caef4af8780e59df925470b050fb23c43ca68c,FRM,6
0xf6832ea221ebfdc2363729721a146e6745354b14,FRMX,18
0xf8c3527cc04340b208c854e985240c02f7b7793f,FRONT,18
0x0e192d382a36de7011f795acc4391cd302003606,FST,18
0xfffffffff15abf397da76f1dcc1a1604f45126db,FSW,18
0x8bda3517f899b95304a0598f86d312c2dce16451,FUCKVB,18
0x5343bdba6bc8bfa514e59a22787105e26ade1d1e,FV3,18
0x45080a6531d671ddff20db42f93792a489685e32,FVT,18
0x35bd01fc9d6d5d81ca9e055db88dc49aa2c699a8,FWB,18
0x7d91e637589ec3bb54d8213a9e92dc6e8d12da91,FWB[OLD],4
0xf151980e7a781481709e8195744bf2399fb3cba4,FWT,18
0x8a40c222996f9f3431f63bf80244c36822060f12,FXF,18
0x6bff2fe249601ed0db3a87424a2e923118bb0312,FYZ,18
0xd9b312d77bc7bed9b9cecb56636300bed4fe5ce9,GAINS,18
0x9fda7ceec4c18008096c2fe2b85f05dc300f94d0,GAJ,18
0x15d4c048f83bd7e37d49ea4c83a07267ec4203da,GALA,8
0xd567b5f02b9073ad3a982a099a23bf019ff11d1c,GAME,5
0x63f88a2298a5c4aee3c216aa6d926b184a4b2437,GAME,18
0x1e1eed62f8d82ecfd8230b8d283d5b5c1ba81b55,GAMMA,18
0x9d7630adf7ab0b0cb00af747db76864df0ec82e4,GATE,18
0xfde43cd91f7f127dbbbc263394519669296396db,GCG,18
0x1e23fb8bd851cc2a341428c0b10e65d49987d744,GCOOOM,18
0x6307b25a665efc992ec1c1bc403c38f3ddd7c661,GCR,4
0x515d7e9d75e2b76db60f8a051cd890eba23286bc,GDAO,18
0x1b980e05943de3db3a459c72325338d327b6f5a9,GEAR,18
0x6b9f031d718dded0d681c20cb754f97b3bb81b78,GEEQ,18
0xe74ac81b14021d0cfb835f269f48f25918c5cae6,GEMS,18
0x147faf8de9d8d8daae129b187f0d02d819126750,GEO,18
0x3431f91b3a388115f00c5ba9fdb899851d005fb5,GERO,18
0x831091da075665168e01898c6dac004a867f1e1b,GFARM2,18
0xe4fa3c576c31696322e8d7165c5965d5a1f6a1a5,GFX,18
0x65ad6a2288b2dd23e466226397c8f5d1794e58fc,GFX,18
0xfa99a87b14b02e2240c79240c5a20f945ca5ef76,GGTK,18
0x3b544e6fcf6c8dce9d8b45a4fdf21c9b02f9fda9,GHD,18
0x3f382dbd960e3a9bbceae22651e88158d2791550,GHST,18
0x728f30fa2f100742c7949d1961804fa8e0b1387d,GHX,18
0xf6537fe0df7f0cc0985cf00792cc98249e73efa0,GIV,18
0x038a68ff68c393373ec894015816e33ad41bd564,GLCH,18
0x7dd9c5cba05e151c895fde1cf355c9a1d5da6429,GLM,18
0x9f9c8ec3534c3ce16f928381372bfbfbfb9f4d24,GLQ,18
0xd70240dd62f4ea9a6a2416e0073d72139489d2aa,GLYPH,18
0xd9016a907dc0ecfa3ca425ab20b6b785b42f2373,GMEE,18
0x7ddc52c4de30e94be3a6a0a2b259b2850f421989,GMT,18
0x639ae8f3eed18690bf451229d14953a5a5627b72,GNBU,18
0x6a5ce34290f6b1efa6987dbed1a139f170456e9a,GNJI,9
0xb1f871ae9462f1b2c6826e88a7827e76f86751d4,GNY,18
0xccc8cb5229b0ac8069c51fd58367fd1e622afd97,GODS,18
0x150b0b96933b75ce27af8b92441f8fb683bf9739,GOLD,18
0x5c484894fe1aaae696662943abc6cd7dd50807d3,GOOP,18
0x6589fe1271a0f29346796c6baf0cdf619e25e58e,GRAIN,18
0x09e64c2b61a5f1690ee6fbed9baf5d6990f8dfd0,GRO,18
0x3ec8798b81485a254928b70cda1cf0a2bb0b74d7,GRO,18
0x64b986211c0cc675143f895c437b79c3cadf364a,GRPFT,8
0xe0b9a2c3e9f40cf74b2c7f591b2b0cca055c3112,GS,18
0x0000000000b3f879cb30fe243b4dfee438691c04,GST2,2
0xaac41ec512808d64625576eddd580e7ea40ef8b2,GSWAP,18
0xde30da39c46104798bb5aa3fe8b9e0e1f348163f,GTC,18
0xc3771d47e2ab5a519e2917e61e23078d0c05ed7f,GTH,18
0x01e0e2e61f554ecaaec0cc933e739ad90f24a86d,GTON,18
0x4f5fa8f2d12e5eb780f6082dd656c565c48e0f24,GUM,18
0x3adb04e127b9c0a5d36094125669d4603ac52a0c,GVT,18
0xc08512927d12348f6620a698105e1baac6ecd911,GYEN,6
0xbea98c05eeae2f3bc8c3565db7551eb738c8ccab,GYSR,18
0xf05626e2a8c360fbfaab0f595c4c463b5b30391f,Gaia,9
0xccac36423def6c19ee6b5679144e2976e309ca45,HACHIKO,18
0x05fb86775fd5c16290f1e838f5caaa7342bd9a63,HAI,8
0xd85ad783cc94bd04196a13dc042a3054a9b52210,HAKA,18
0x0e29e5abbb5fd88e28b2d355774e73bd47de3bcd,HAKKA,18
0x72e5390edb7727e3d4e3436451dadaff675dbcc0,HANU,12
0xd9c2d319cd7e6177336b0a9c93c21cb48d84fb54,HAPI,18
0x3079f61704e9efa2bcf1db412f735d8d4cfa26f4,HAPPY,18
0xf2051511b9b121394fa75b8f7d4e7424337af687,HAUS,18
0x0ace32f6e87ac1457a5385f8eb0208f37263b415,HBT,10
0x0316eb71485b0ab14103307bf65a021042c6d380,HBTC,18
0x6725363e565baa1dda45d492810298ae0b25c4ac,HEAD,18
0xeef9f339514298c6a857efcfc1a762af84438dee,HEZ,18
0x7968bc6a03017ea2de509aaa816f163db0f35148,HGET,6
0xba2184520a1cc49a6159c57e61e1844e085615b6,HGT,8
0x3fa729b4548becbad4eab6ef18413470e6d5324c,HH,18
0xb14ebf566511b9e6002bb286016ab2497b9b9c9d,HID,18
0x71ab77b7dbb4fa7e017bc15090b2163221420282,HIGH,18
0x6dc59f089dfd2312f666c46893296f79b24d559b,HKINU,18
0xc3589f56b6869824804a5ea29f2c9886af1b0fce,HNY,18
0xa56ed2632e443db5f93e73c89df399a081408cc4,HOE,18
0x39eae99e685906ff1c11a962a743440d0a1a6e09,HOLY,18
0xf5581dfefd8fb0e4aec526be659cfab1f8c781da,HOPR,18
0x43a96962254855f16b925556f9e97be436a43448,HORD,18
0x9af839687f6c94542ac5ece2e317daae355493a1,HOT,18
0x6be61833fc4381990e82d7d4a9f4c9b3f67ea941,HTB,18
0x8e9a29e7ed21db7c5b2e1cd75e676da0236dfb45,HUB,18
0x9aab071b4129b083b01cb5a0cb513ce7eca26fa5,HUNT,18
0xc0eb85285d83217cd7c891702bcbc0fc401e2d9d,HVN,8
0x4bd70556ae3f8a6ec6c4080a0c327b24325438f3,HXRO,18
0xd794dd1cada4cf79c9eebaab8327a1b0507ef7d4,HYVE,18
0x40eb746dee876ac1e78697b7ca85142d178a1fc8,IAG,18
0x6a68de599e8e0b1856e322ce5bd11c5c3c79712b,IBY,18
0xf16e81dce15b08f326220742020379b855b87df9,ICE,18
0xebd9d99a3982d547c5bb4db7e3b1f9f14b67eb83,ID,18
0x92ec47df1aa167806dfa4916d9cfb99da6953b8f,IDV,18
0x1571ed0bed4d987fe2b498ddbae7dfa19519f651,IFARM,18
0xb2de3ffdb3409f607c82b1cd777d34f489e9dba4,IFNFT,18
0x8ffe40a3d0f80c0ce6b203d5cdc1a6a86d9acaea,IGG,6
0x767fe9edc9e0df98e07454847909b5e959d7ca0e,ILV,18
0xfac3f6391c86004289a186ae0198180fcb4d49ab,IMPACT,18
0x3c4030839708a20fd2fb379cf11810dde4888d93,IMS,18
0x7b35ce522cb72e4077baeb96cb923a5529764a00,IMX,18
0x159751323a9e0415dd3d6d42a1212fe9f4a0848c,INFI,18
0xe28b3b32b6c345a34ff64674606124dd5aceca30,INJ,18
0x6f40d4a6237c257fff2db00fa0510deeecd303eb,INST,18
0x544c42fbb96b39b21df61cf322b5edc285ee7429,INSUR,18
0x41d5d79431a913c4ae7d69a668ecdfe5ff9dfb68,INV,18
0x018d7d179350f1bb9853d04982820e37cce13a92,INX,8
0xa8006c4ca56f24d6836727d106349320db7fef82,INXT,8
0x1e4e46b7bf03ece908c88ff7cc4975560010893a,IOEN,18
0x8b3870df408ff4d7c3a26df852d41034eda11d81,IOI,6
0x02d3a27ac3f55d5d91fb0f52759842696a864217,IONX,18
0x36ed7baad9a571b5dad55d096c0ed902188d6d3c,IPAD,18
0x579cea1889991f68acc35ff5c3dd0621ff29b0c9,IQ,18
0x20a68f9e34076b2dc15ce726d7eebb83b694702d,ISLA,18
0xc8807f0f5ba3fa45ffbdc66928d71c5289249014,ISP,18
0x3b4f7cb9e60362a49dd04eb0091a374d340e3efd,ITAM,18
0xf88b137cfa667065955abd17525e89edcf4d6426,ITG,18
0xd502f487e1841fdc805130e13eae80c61186bc98,ITGR,18
0x73d7c860998ca3c01ce8c808f5577d94d545d1b4,IXS,18
0x7420b4b9a0110cdc71fb720908340c03f9bc03ec,JASMY,18
0x940f0c2e9af3144dc57abcead1ed8dd635dcafec,JEDI,9
0x939a7a577d93ad29b64c1595b1284ce660a479b9,JEJUDOGE,18
0x0f17bc9a994b87b5225cfb6a2cd4d667adb4f20b,JEUR,18
0x7409856cae628f5d578b285b45669b36e7005283,JGBP,18
0x73374ea518de7addd4c2b624c0e8b113955ee041,JGN,18
0x3f4cd830543db25254ec0f05eac058d4d6e86166,JINDOGE,18
0xc074d1425cff85f9559c319f5ae0d458a963e2c0,JINU,18
0x2370f9d504c7a6e775bf6e14b3f12846b594cd53,JPYC,18
0x1426cc6d52d1b14e2b3b1cb04d57ea42b39c4c7c,JSHIBA,9
0xe6710e0cda178f3d921f456902707b0d4c4a332b,JULIEN,4
0x4b1e80cac91e2216eeb63e29b957eb91ae9c2be8,JUP,18
0xb9d99c33ea2d86ec5ec6b8a4dd816ebba64404af,K21,18
0x65def5029a0e7591e46b38742bfedd1fb7b24436,KAE,18
0xd9ec3ff1f8be459bb9369b4e79e9ebcf7141c093,KAI,18
0xfd30c9bea1a952feeed2ef2c6b2ff8a8fc4aad07,KALLY,18
0x6e765d26388a17a6e86c49a8e41df3f58abcd337,KANGAL,18
0x5d2c6545d16e3f927a25b4567e39e2cf5076bef4,KAPPA,18
0xdfe691f37b6264a90ff507eb359c45d55037951c,KARMA,4
0x17a4ae8b1ea75d51ab0f2875b80452f7e34c272a,KAWA,18
0xe6c3502997f97f9bde34cb165fbce191065e068f,KBTC,18
0x106552c11272420aad5d7e94f8acab9095a6c952,KEANU,9
0x85eee30c52b0b379b046fb0f85f4f3dc3009afec,KEEP,18
0x3fa400483487a489ec9b1db29c4129063eec4654,KEK,18
0x4abb9cc67bd3da9eb966d1159a71a0e68bd15432,KEL,18
0x7841b2a48d1f6e78acec359fed6d874eb8a0f63c,KERMAN,4
0x16980b3b4a3f9d89e33311b5aa8f80303e5ca4f8,KEX,6
0x4cd988afbad37289baaf53c13e98e2bd46aaea8c,KEY,18
0xb8647e90c0645152fccf4d9abb6b59eb4aa99052,KEYFI,18
0xef53462838000184f35f7d991452e5f25110b207,KFT,18
0x177ba0cac51bfc7ea24bad39d81dcefd59d74faa,KIF,18
0xcbfef8fdd706cde6f208460f2bf39aa9c785f05d,KINE,18
0xce9f106d565d71e7198c5c51dcdc89716c9c0a44,KIRKY,18
0xb1191f691a355b43542bea9b8847bc73e7abb137,KIRO,18
0x7866e48c74cbfb8183cd1a929cd9b95a7a5cb4f4,KIT,18
0x2bf91c18cd4ae9c2f2858ef9fe518180f7b5096d,KIWI,8
0x368c5290b13caa10284db58b4ad4f3e9ee8bf4c9,KKO,18
0xdefa4e8a7bcba345f687a2f1456f5edd9ce97202,KNC,18
0x7c3e3eae4d893d11c61e74d5187c962ba5744a3b,KOKO,18
0x1cc30e2eac975416060ec6fe682041408420d414,KOL,18
0x878cf148ccbb50426043a9affe54ba408221c7fa,KOMBAT,8
0x6cfb6df56bbdb00226aeffcdb2cd1fe8da1abda7,KOMET,18
0x850aab69f0e0171a9a49db8be3e71351c8247df4,KONO,18
0x1ceb5cb57c4d4e2b2433641b95dd330a33185a44,KP3R,18
0xbc17729fdf562723f0267f79ff25ade441056d87,KST,18
0x24e3794605c84e580eea4972738d633e8a7127c8,KTLYO,18
0x491e136ff7ff03e6ab097e54734697bb5802fc1c,KTN,18
0x9f284e1337a815fe77d2ff4ae46544645b20c5ff,KTON,18
0x48c276e8d03813224bb1e55f953adb6d02fd3e02,KUMA,18
0xb525ecee288b99216cd481c56b6efbdbe9bf90b5,KUMA,18
0x286c0936c7eaf6651099ab5dab9ee5a6cb5d229d,KWIK,18
0x67b6d479c7bb412c54e03dca8e1bc6740ce6b99c,KYL,18
0xe328d8daa44b766f8a2e04e0479f6b316c0bf290,L1,18
0xbbff34e47e559ef680067a6b1c980639eeb64d24,L2,18
0xdef1da03061ddd2a5ef6c59220c135dec623116d,L3P,18
0x8b0e42f366ba502d787bb134478adfae966c8798,LABS,18
0xeb61393503691c6e20eafd82655b7a94450c3124,LADY,18
0x1287c0509df9a475ef178471ab2132b9dfd312b3,LADZ,4
0x0ff6ffcfda92c53f615a4a75d982f399c989366b,LAYER,18
0xfe56e974c1c85e9351325fb2d62963a022ad624f,LAYERX,18
0x037a54aab062628c9bbae1fdb1583c195585fe41,LCX,18
0xb29663aa4e2e81e425294193616c1b102b70a158,LDN,18
0x5a98fcbea516cf06857215779fd812ca3bef1b32,LDO,18
0x1dd80016e3d4ae146ee2ebb484e8edd92dacc4ce,LEAD,18
0x7b39917f9562c8bc83c7a6c2950ff571375d505d,LEAG,18
0x27c70cd1946795b66be9d954418546998b546634,LEASH,18
0x72de803b67b6ab05b61efab2efdcd414d16ebf6d,LED,18
0x62786eeacc9246b4018e0146cb7a3efeacd9459d,LESS,18
0xbc194e6f748a222754c3e8b9946922c09e7d4e91,LEV,18
0xae697f994fc5ebc000f8e22ebffee04612f98a0d,LGCY,18
0x0a50c93c762fdd6e56d86215c24aaad43ab629aa,LGO,8
0xab37e1358b639fd877f015027bb62d3ddaa7557e,LIEN,8
0xeb9951021698b42e4399f9cbb6267aa35f82d59d,LIF,18
0x6c936d4ae98e6d2172db18c16c4b601c99918ee6,LIFE,18
0x9d0b65a76274645b29e4cc41b8f23081fa09f4a3,LIME,18
0x1712aad2c773ee04bdc9114b32163c058321cd85,LIMIT,18
0x3e9bc21c9b189c09df3ef1b824798658d5011937,LINA,18
0x2167fb82309cf76513e83b25123f8b0559d6b48f,LION,18
0xb59490ab09a0f526cc7305822ac65f2ab12f9723,LIT,18
0x188e817b02e635d482ae4d81e25dda98a97c4a42,LITH,18
0xd0345d30fd918d7682398acbcdf139c808998709,LIX,18
0x80ce3027a70e0a928d9268994e9b85d03bd4cdcf,LKR,18
0xd9b89eee86b15634c70cab51baf85615a4ab91a1,LKT,18
0x25b6325f5bb1c1e03cfbc3e53f470e1f1ca022e3,LML,18
0x327673ae6b33bd3d90f0096870059994f30dc8af,LMT,18
0x0947b0e6d821378805c9598291385ce7c791a6b2,LND,18
0x5e3346444010135322268a4630d2ed5f8d09446c,LOC,18
0x0000000000095413afc295d19edeb1ad7b71c952,LON,18
0x491d6b7d6822d5d4bc88a1264e1b47791fd8e904,LONDON,18
0x7b3d36eb606f873a75a6ab68f8c999848b04f935,LOOT,18
0xcfbd04b3cef2cf1527f143a49e5dc1e19941d254,LOOTL,18
0xb0dfd28d3cf7a5897c694904ace292539242f858,LOTTO,18
0x99295f1141d58a99e939f7be6bbe734916a875b8,LPL,18
0x6149c26cd2f7b5ccdb32029af817123f6e37df5b,LPOOL,18
0x6dea81c8171d0ba574754ef6f8b412f2ed88c54d,LQTY,18
0x3b9be07d622accaed78f479bc0edabfd6397e320,LSS,18
0x3db6ba6ab6f95efed1a6e794cad492faaabf294d,LTO,8
0xa393473d64d2f9f026b60b6df7859a689715d092,LTX,8
0xb1f66997a5760428d3a87d68b90bfe0ae64121cc,LUA,18
0x89a64014d429509cffda1aebc7eb36b9435794bd,LULZ,18
0xd2877702675e6ceb975b4a1dff9fb7baf4c91ea9,LUNA,18
0x5f98805a4e8be255a32880fdec7f6728c6568ba0,LUSD,18
0xc690f7c7fcffa6a82b79fab7508c466fefdfc8c5,LYM,18
0xa8b919680258d369114910511cc87595aec0be6d,LYXE,18
0xfc05205ff402849b081e72ae4f8fc93cbdf40db1,Lelouch,9
0x5b09a0371c1da44a8e24d36bf5deb1141a84d875,MAD,18
0xb0c7a3ba49c7a6eaba6cd4a96c55a1391070ac9a,MAGIC,18
0xb4d930279552397bba2ee473229f89ec245bc365,MAHA,18
0x67c597624b17b16fb77959217360b7cd18284253,MARK,9
0x26d946d9993990d0d7c7ec8cbc5d6aa91d90cbd2,MARS,6
0x66c0dded8433c9ea86c8cf91237b14e10b4d70b7,MARS,18
0x16cda4028e9e872a38acb903176719299beaed87,MARS4,18
0x5a666c7d92e5fa7edcb6390e4efd6d0cdd69cf37,MARSH,18
0x69af81e73a73b40adf4f3d4223cd9b1ece623074,MASK,18
0xc7a8b45e184138114e6085c82936a8db93dd156a,MASK,18
0x06f3c323f0238c72bf35011071f2b5b7f43a054c,MASQ,18
0x08d967bb0134f2d07f7cfb6e246680c53927dd30,MATH,18
0x1c9491865a1de77c5b6e19d2e6a5f1d7a6f2b25f,MATTER,18
0x9b99cca871be05119b2012fd4474731dd653febe,MATTER,18
0x26cf82e4ae43d31ea51e72b663d26e26a75af729,MBBASED,18
0xf961a1fa7c781ecd23689fe1d0b7f3b6cbb2f972,MCAT20,18
0x4e352cf164e64adcbad318c3a1e222e9eba4ce42,MCB,18
0xd91e9a0fef7c0fa4ebdaf4d0acf55888949a2a9b,MCN,18
0xd15ecdcf5ea68e3995b2d0527a0ae0a3258302f8,MCX,18
0x947aeb02304391f8fbe5b25d7d98d649b57b1788,MDX,18
0xdb726152680ece3c9291f1016f1d36f3995f6941,MEDIA,6
0x641927e970222b10b2e8cdbc96b1b4f427316f16,MEEB,18
0x61be6fac719f871a24d9bdcdf97b6c94772c7e28,MEEBITS20,18
0x3218a02f8f8b5c3894ce30eb255f10bcba13e654,MEGA,18
0xed0889f7e1c7c7267407222be277e1f1ef4d4892,MEL,18
0xd5525d397898e5502075ea5e830d8914f6f0affe,MEME,8
0xfc69371a453759bea35c43359c62d2f2b66f0b1e,MEOW,18
0x17a459bff9277e945354fc32b2daef5211fe801b,META,18
0xc0bfeba72805f22dc18dde31467c5a55c16ff57b,META,18
0x93ecdfe316de6dc44c2104183b7f6736d83521c2,META,18
0x8530b66ca3ddf50e0447eae8ad7ea7d5e62762ed,METADOGE,18
0x33824827a6cdb3f2f00c1f6cec8f6df2b3d233fe,METL,9
0xefc1c73a3d8728dc4cf2a18ac5705fe93e5914ac,METRIC,18
0x6710c63432a2de02954fc0f851db07146a6c0312,MFG,18
0xaa4e3edb11afa93c41db59842b29de64b72e355b,MFI,18
0x74fc4575a47330340e631f7e0ea550be519fcd0a,MIB,18
0x3b4102dfe101ec3fc22f4c95fbef78ef6213656b,MICRO,18
0xdc26fc0419bf3b4e034eceb2e4154fc653c7a372,MILEY&MUSK,18
0x0dd1989e4b0e82f154b729ff47f8c9a4f4b2cc1c,MILF,18
0x66d1b01c0fd7c2d8718f0997494b53ff5c485688,MILK,18
0x99d8a9c45b2eca8864373a26d1459e3dff1e17f3,MIM,18
0xb26631c6dda06ad89b93c71400d25692de89c068,MINDS,18
0x4d953cf077c0c95ba090226e59a18fcf97db44ec,MINI,19
0x0cdf9acd87e940837ff21bb40c9fd55f68bba059,MINT,18
0x09a3ecafa817268f77be1283176b946c4ff2e608,MIR,18
0x88acdd2a6425c3faae4bc9650fd7e27e0bebb7ab,MIST,18
0x4a527d8fc13c5203ab24ba0944f4cb14658d1db6,MITX,18
0x5d285f735998f36631f678ff41fb56a10a4d0429,MIX,18
0x9506d37f70eb4c3d79c398d326c871abbf10521d,MLT,18
0x6b4c7a5e3f0b99fcd83e9c089bddd6c7fce5c611,MM,18
0xc4c28d107735ad2f9811199e8145ecd9fbea44c1,MMACOM,18
0x5b558564b57e4ff88c6b8d8e7eeee599bf79b368,MMM,18
0x426ca1ea2406c07d75db9585f22781c096e3d0e0,MNE,8
0xa6f7645ed967faf708a614a2fca8d4790138586f,MNY,18
0x187eff9690e1f1a61d578c7c492296eaab82701a,MOAR,18
0x957c30ab0426e0c93cd8241e2c60392d08c6ac8e,MOD,0
0xea1ea0972fa092dd463f2968f9bb51cc4c981d71,MOD,18
0x4bcea5e4d0f6ed53cf45e7a28febb2d3621d7438,MODEX,18
0xb2dbf14d0b47ed3ba02bdb7c954e05a72deb7544,MOFI,18
0xbd1848e1491d4308ad18287a745dd4db2a4bd55b,MOMA,18
0x68a3637ba6e75c0f66b61a42639c4e9fcd3d4824,MOON,18
0x98968f0747e0a261532cacc0be296375f5c08398,MOONCAT,18
0xf1e4b3403e857760cc75ba2a6779e4cf0efe02c4,MOONDOGE,18
0x260e63d91fccc499606bae3fe945c4ed1cf56a56,MOONS,18
0x24ec2ca132abf8f6f8a6e24a1b97943e31f256a7,MOOV,18
0xb64cd4f56043f8d80691433e395d08b1bebdadf0,MORA,18
0xf552b656022c218c26dad43ad88881fc04116f76,MORK,4
0x7bd82b320ebc28d8eb3c4f5fa2af7b14da5b90c3,MOZ,18
0xe1a0da60f8802b49cc36313bafade3f9e12342fd,MP4,18
0x33349b282065b0284d756f0577fb39c158f935e6,MPL,18
0x96c645d3d3706f793ef52c19bbace441900ed47d,MPS,0
0xbed4ab0019ff361d83ddeb74883dac8a70f5ea1e,MRCH,18
0x6954874e3e9ccb527d0caa602be5502db2a1d76a,MSK,18
0x9d1555d8cb3c846bb4f7d5b1b1080872c3166676,MSLV,18
0x025c9f1146d4d94f8f369b9d98104300a3c8ca23,MTGY,18
0x84ba4aecfde39d69686a841bab434c32d179a169,MTHD,18
0x2e1e15c44ffe4df6a0cb7371cd00d5028e571d14,MTLX,18
0xe66b3aa360bb78468c00bebe163630269db3324f,MTO,18
0x6226e00bcac68b0fe55583b90a1d727c14fab77f,MTV,18
0xb6ca7399b4f9ca56fc27cbff44f4d2e4eef1fc81,MUSE,18
0xe85e3b73eff4873d99de238a9cb256df847b803d,MUSK,18
0x95a8a98727272ed6ee7b7834c081e55801dcd9e5,MUSK,18
0xbc93d1aba134cc81f431de04f2d9f46fc5d6d6bc,MUSKETS,18
0x8b4d07623583558ae311a696de834f9731d3e67d,MUSKY,18
0x9c78ee466d6cb57a4d01fd887d2b5dfb2d46288f,MUST,18
0x72e364f2abdc788b7e918bc238b21f109cd634d7,MVI,18
0xa849eaae994fb86afa73382e9bd88c2b6b18dc71,MVL,18
0x65fc94d99cb301c5630c485d312e6ff5edde13d0,MVP,18
0x11eef04c884e24d9b7b4760e7476d06ddf797f36,MX,18
0x5ca381bbfb58f0092df149bd3d243b08b9a8386e,MXC,18
0x8a6f3bf52a26a21531514e23016eeae8ba7e7018,MXX,8
0xdfdd3459d4f87234751696840092ee20c970fb07,MYOBU,9
0x4cf89ca06ad997bc732dc876ed2a7f26a9e7f361,MYST,18
0xa12d7e5319f5b43476ef19d1569e10097cacdfe2,MYTH,18
0x0643def9014b055823bdf2ec57ef02da619b0711,McGregor,9
0x0dc7d0192c148d7d2d6fa32dc280f953c0ad6a34,MetaCat,18
0x9e32b13ce7f2e80a01932b42553652e053d6ed8e,Metis,18
0xd0e818391623487be25e89170ea0c40ff09c8278,Mmax,18
0x2e10348ee563dec5fe483de558d1946b7a3372c2,NAKA,18
0xe1a4c5bbb704a92599fedb191f451e0d3a1ed842,NAME,18
0x7eb4db4dddb16a329c5ade17a8a0178331267e28,NAMI,18
0x4a615bb7166210cce20e6642a6f8fb5d4d044496,NAOS,18
0x7d529a5b3c41126760a0fa3c1a9652d8a7a07793,NAWA,18
0xdb5c3c46e28b53a39c255aa39a411dd64e5fed9c,NCR,18
0x8a9c4dfe8b9d8962b31e4e16f8321c44d48e246e,NCT,18
0x9e46a38f5daabe8683e10793b06749eef7d733d1,NCT,18
0x739763a258640919981f9ba610ae65492455be53,NDR,18
0x747f564d258612ec5c4e24742c5fd4110bcbe46b,NDS,18
0x85f17cf997934a597031b2e18a9ab6ebd4b9f6a4,NEAR,24
0x7f0c8b125040f707441cad9e5ed8a8408673b455,NEBO,18
0xe367d6a0ba57a71fd76e449dced9d67b5feb5062,NEKO,18
0x71e02750c97a940eccc6f36be05763842b31e1fe,NELK,18
0x04abeda201850ac0124161f037efd70c74ddc74c,NEST,18
0x1997830b5beb723f5089bb8fc38766d419a0444d,NEWINU,9
0xe2dc070524a6e305ddb64d8513dc444b6a1ec845,NEX,8
0x377d552914e7a104bc22b4f3b6268ddc69615be7,NEXT,18
0xdfdb7f72c1f195c5951a234e8db9806eb0635346,NFD,18
0xcb8d1260f9c92a3a545d409466280ffdd7af7042,NFT,18
0x9a54a39a8d78cd6031636628a11c890124b1b5cf,NFTA,18
0xe5feeac09d36b18b3fa757e5cf3f8da6b8e27f4c,NFTI,18
0xe7f72bc0252ca7b16dbb72eeee1afcdb2429f2dd,NFTL,18
0x3c8d2fce49906e11e71cb16fa0ffeb2b16c29638,NFTL,18
0x68bb81b3f67f7aab5fd1390ecb0b8e1a806f2465,NFTP,18
0x5fa2e9ba5757504b3d6e8f6da03cc40d4ce19499,NFTT,18
0x87d73e916d7057945c9bcd8cdd94e42a6f47f776,NFTX,18
0x0fe629d1e84e171f8ff0c1ded2cc2221caa48a3f,NFTX-MASK,18
0xe1d7c7a4596b038ced2a84bf65b8647271c53208,NFTY,18
0x1cbb83ebcd552d5ebf8131ef8c9cd9d9bab342bc,NFY,18
0x72dd4b6bd852a3aa172be4d6c5a6dbec588cf131,NGC,19
0x7e291890b01e5181f7ecc98d79ffbe12ad23df9e,NIF,18
0x7c8155909cd385f120a56ef90728dd50f9ccbe52,NII,15
0x852e5427c86a3b46dd25e5fe027bb15f53c4bcb8,NIIFI,15
0x47252a63c723889814aebcac0683e615624cec64,NIL,18
0xc813ea5e3b48bebeedb796ab42a30c5599b01740,NIOX,4
0x2b90f0020aff33ecfef42c9c729031a04736f268,NJINU,18
0xd81b71cbb89b2800cdb000aa277dc1491dc923c3,NMT,18
0xda007777d86ac6d989cc9f79a73261b3fc5e0da0,NODE,18
0xa8c8cfb141a3bb59fea1e2ea6b79b5ecbcd7b6ca,NOIA,18
0x6e9730ecffbed43fd876a264c982e254ef05a0de,NORD,18
0xe9a95d175a5f4c9369f3b74222402eb1b837693b,NOW,8
0x4282456d6d24332758fca738f98c3bb0f04da215,NRMN,4
0x9d79d5b61de59d882ce90125b18f74af650acb93,NSBT,6
0xe069af87450fb51fc0d0e044617f1c134163e591,NSDX,18
0xfc0d6cf33e38bce7ca7d89c0e292274031b7157a,NTVRK,18
0x4fe83213d56308330ec302a8bd641f1d0113a4cc,NU,18
0xbbc23359b5b9a59404d41b71503bd9e92e7f30e3,NUDES,18
0x89bd2e7e388fab44ae88bef4e1ad12b4f1e0911c,NUX,18
0x968f6f898a6df937fc1859b323ac2f14643e3fed,NWC,18
0xbf4a9a37ecfc21825011285222c36ab35de51f14,NYAN-2,18
0x20945ca1df56d237fd40036d47e866c7dccd2114,Nsure,18
0xee9801669c6138e84bd50deb500827b776777d28,O3,18
0xedadeb5faa413e6c8623461849dfd0b7c3790c32,OBOT,18
0x8064d9ae6cdf087b1bcd5bdf3531bd5d8c537a68,OBTC,18
0x2f109021afe75b949429fe30523ee7c0d5b27207,OCC,18
0xf5cfbc74057c610c8ef151a439252680ac68c6dc,OCT,18
0x7240ac91f01233baaf8b064248e80feaa5912ba3,OCTO,18
0xcd2828fc4d8e8a0ede91bb38cf64b1a81de65bf6,ODDZ,18
0xa49dc04d118bdf4a3471f593c1bba0c99b2187ea,ODI,18
0x8207c1ffc5b6804f6024322ccf34f29c3541ae26,OGN,18
0x16ba8efe847ebdfef99d399902ec29397d403c30,OH,18
0x1098269bfc70b26dea43f18f812d2b9854e874ba,OH-GEEZ,18
0x383518188c0c6d7730d91b2c03a03c837814a899,OHM,9
0x0275e1001e293c46cfe158b3702aade0b99f88a5,OIL,18
0x9aeb50f542050172359a0e1a25a9933bc8c01259,OIN,8
0x6595b8fd9c920c81500dca94e53cdc712513fb1f,OLY,18
0x3593d125a4f7849a1b059e64f4517a86dd60c95d,OM,18
0x2baecdf43734f22fd5c152db08e3c27233f0c7d2,OM,18
0xb5dbc6d3cf380079df3b27135664b6bcf45d1869,OMX,8
0x5bb29c33c4a3c29f56f8aca40b4db91d8a5fe2c5,ONS,18
0xe0ad1806fd3e7edf6ff52fdb822432e847411033,ONX,18
0x7778360f035c589fce2f4ea5786cbd8b36e5396b,OOE,18
0xdb05ea0877a2622883941b939f0bb11d1ac7c400,OPCT,18
0x69e8b9528cabda89fe846c67675b5d73d463a916,OPEN,18
0x888888888889c00c67689029d7856aac1065ec11,OPIUM,18
0x80d55c03180349fff4a229102f62328220a96444,OPUL,18
0x4c11249814f11b9346808179cf06e71ac328c1b5,ORAI,18
0xee1cea7665ba7aa97e982edeaecb26b59a04d035,ORAO,18
0x727f064a78dc734d33eec18d5370aef32ffd46e4,ORION,18
0x0258f474786ddfd37abce6df6bbb1dd5dfc4434a,ORN,8
0xc3eb2622190c57429aac3901808994443b64b466,ORO,18
0xfdb29741f239a2406ae287913ef12415160378d3,OS,18
0xc11a6ef32464985cbc52fed419e3a557de36cfc8,OSHIB,18
0x86cc39e9f575667b56871274f2f0a3cc43b9eb88,OST,18
0x010a0288af52ed61e32674d82bbc7ddbfa9a1324,OT-aUSDC-30DEC2021,6
0x9720bcf5a92542d4e286792fc978b63a09731cf0,OTBC,18
0x2a8e1e676ec238d8a992307b495b45b3feaa5e86,OUSD,18
0x21bfbda47a0b4b5b1248c767ee49f7caa9b23697,OVR,18
0x1a5f9352af8af974bfc03399e3767df6370d82e4,OWL,18
0x4575f41308ec1483f3d399aa9a2826d74da13deb,OXT,18
0x965697b4ef02f0de01384d0d4f9f782b1670c163,OXY,6
0x96dd2c778fb281294fa9c1d2b8af3b47369306f2,OvOa,18
0xea7cc765ebc94c4805e3bff28d7e4ae48d06468a,PAD,18
0x5067006f830224960fb419d7f25a3a53e9919bb0,PAD,18
0x1614f18fc94f47967a3fbe5ffcd46d4e7da3d787,PAID,18
0x4c6ec08cf3fc987c6c4beb03184d335a2dfc4042,PAINT,18
0xc8af92371af91965c493569693c4385567f874d0,PAIR,18
0x536381a8628dbcc8c70ac9a30a7258442eab4c92,PAN,8
0xd56dac73a4d6766464b38ec6d91eb45ce7457c44,PAN,18
0x7ae1d57b58fa6411f32948314badd83583ee0e8c,PAPER,18
0xddce093888c8dc636677cd29bc6c68d35cfdac33,PAPER,18
0x68037790a0229e9ce6eaa8a99ea92964106c4703,PAR,18
0x1beef31946fbbb40b877a72e4ae04a8d1a5cee06,PAR,18
0x3a8d5bc8a8948b68dfc0ce9c14ac4150e083518c,PARA,18
0x314bd765cab4774b2e547eb0aa15013e03ff74d2,PARTY,6
0x74c287ad5328daca276c6a1c1f149415b12c148d,PAZZY,18
0x44b537b6f94c73a54f7bf8a9b68f8125da3c330b,PBASE,9
0xa8b12cc90abf65191532a12bb5394a714a46d358,PBTC35A,18
0xd528cf2e081f72908e086f8800977df826b5a483,PBX,18
0xa4c6984e817c086ddc3ebaeedbdcc01469586918,PCHS,18
0x657b83a0336561c8f64389a6f5ade675c04b0c3b,PCNT,18
0xbc16da9df0a22f01a16bc0620a27e7d6d6488550,PCT,18
0xf59ae934f6fe444afc309586cc60a84a0f89aaea,PDEX,18
0xcde07f2d976b2687944ad2c70e2cec9a7034b75b,PDT,18
0x808507121b80c02388fad14726482e061b8da827,PENDLE,18
0x5d30ad9c6374bf925d0a75454fa327aacf778492,PERI,18
0xeca82185adce47f39c684352b0439f030f860318,PERL,18
0xbc396689893d065f41bc2c6ecbee5e0085233447,PERP,18
0xa15690e9205de386ce849889831c1668c300c1ad,PETH18C,18
0xa701122c1b67220a8b6883d03c8ad67896b12466,PEW,8
0x6c5ba91642f10282b576d91922ae6448c9d52f4e,PHA,18
0x38a2fdc11f526ddd5a607c1f251c065f40fbf2f7,PHNX,18
0xe1fc4455f62a6e89476f1072530c20cf1a0622da,PHTR,18
0xb39185e33e8c28e0bb3dbbce24da5dea6379ae91,PHUNK,18
0xaec65404ddc3af3c897ad89571d5772c1a695f22,PHX,18
0x1e05f68b29b286fb3bbad3c688d7e2abda549b80,PICIPO,18
0x429881672b9ae42b8eba0e26cd9c73711b891ca5,PICKLE,18
0x607c794cda77efb21f8848b7910ecf27451ae842,PIE,18
0xe09fb60e8d6e7e1cebbe821bd5c3fc67a40f86bf,PIKACHU,18
0xfecba472b2540c5a2d3700b2c9e06f0aa7dc6462,PINT,18
0x26607ac599266b21d13c7acf7942c7701a8b699c,PIPT,18
0xe6f143a0e0a8f24f6294ce3432ea10fad0206920,PKEX,18
0x8b39b70e39aa811b69365398e0aace9bee238aeb,PKF,18
0x33e18a092a93ff21ad04746c7da12e35d34dc7c4,PLAY,18
0x130966628846bfd36ff31a822705796e8cb8c18d,PLAY,18
0xaeeaa9c0ecd8d50ab7fcd159bddad0f52ce360c2,PLE,18
0x72f020f8f3e8fd9382705723cd26380f8d0c66bb,PLOT,18
0xd8912c10681d8b21fd3742244f44658dba12264e,PLU,18
0x1796ae0b0fa4862485106a0de9b654efe301d0b2,PMON,18
0x9fc8f0ca1668e87294941b7f627e9c15ea06b459,PNL,18
0xaf691508ba57d416f895e32a1616da1024e882d2,PNODE,18
0x89ab32156e46f46d02ade3fecbe5fc4243b9aaed,PNT,18
0xb71e9c710e84f003d456552d6aa0c37e0107c4dc,POGE,9
0xaa8330fb2b4d5d07abfe7a72262752a8505c6b37,POLC,18
0xd478161c952357f05f0292b56012cd8457f1cfbf,POLK,18
0x83e6f1e41cdd28eaceb20cb649155049fac3d5aa,POLS,18
0x57b946008913b82e4df85f501cbaed910e58d26c,POND,18
0x0cec1a9154ff802e7934fc916ed7ca50bde6844e,POOL,18
0x69a95185ee2a045cdc4bcd1b1df10710395e4e23,POOLZ,18
0x7fc3ec3574d408f3b59cd88709bacb42575ebf2b,POP,18
0x5d858bcd53e085920620549214a8b27ce2f04670,POP,18
0x98629512ed2239974e169341be5b920ea4dcdb21,POP!,18
0x66e714bfb21f255f57c0682ac1e20254a7821779,POW,18
0xf2f9a7e93f845b3ce154efbeb64fb9346fcce509,POWER,18
0x054d64b73d3d8a21af3d764efd76bcaa774f3bb2,PPAY,18
0x4d2ee5dae46c86da2ff521f7657dad98834f97b8,PPBLZ,18
0xf1f508c7c9f0d1b15a76fba564eef2d956220cf7,PPDEX,18
0x2c2f7e7c5604d162d75641256b80f1bf6f4dc796,PRARE,18
0xec213f83defb583af3a000b1c0ada660b1902a0f,PRE,18
0x6399c842dd2be3de30bf99bc7d1bbf6fa3650e70,PREMIA,18
0xe59064a8185ed1fca1d17999621efedfab4425c9,PRIME,18
0x6fe56c0bcdd471359019fcbc48863d6c3e9d4f41,PROPS,18
0x8642a849d0dcb7a15a974794668adcfbe4794b56,PROS,18
0x2341dd0a96a0dab62aa1efb93d59ff7f3bdb8932,PROT,18
0x362bc847a3a9637d3af6624eec853618a43ed7d2,PRQ,18
0x6d0f5149c502faf215c89ab306ec3e50b15e2892,PRT,18
0x22acaee85ddb83a3a33b7f0928a0e2c3bfdb6a4f,PRXY,18
0x36ce7a52cda404b8fa87a98d0d17ec7dd0b144ed,PSLIP,18
0x519c1001d550c0a1dae7d1fc220f7d14c2a521bb,PSWAP,18
0x02eca910cb3a7d43ebc7e8028652ed5c6b70259b,PTERIA,18
0xc57d533c50bc22247d49a368880fb49a1caa39f7,PTF,18
0xabea7663c472648d674bd3403d94c858dfeef728,PUDGY,18
0x52a047ee205701895ee06a375492490ec9c597ce,PULSE,18
0x31903e333809897ee57af57567f4377a1a78756c,PUN,18
0x0fd10b9899882a6f2fcb5c371e17e70fdee00c38,PUNDIX,18
0x269616d549d7e8eaa82dfb17028d0b212d11232a,PUNK,18
0x81dbc1c8e40c3095071949eda9800c2209a7279a,PUP,18
0xf418588522d5dd018b425e472991e52ebbeeeeee,PUSH,18
0x9196e18bc349b1f64bc08784eae259525329a1ad,PUSSY,18
0xe277ac35f9d327a670c1a3f3eec80a83022431e4,PUX,8
0xf0a93d4994b3d98fb5e3a2f90dbc2d69073cb86b,PWRD,18
0x9534ad65fb398e27ac8f4251dae1780b989d136e,PYR,18
0xaaa7a10a8ee237ea61e8ac46c50a8db8bcc1baaa,QANX,18
0x2467aa6b5a2351416fd4c3def8462d841feeecec,QBX,18
0x6fe88a211863d0d818608036880c9a4b0ea86795,QFI,18
0x4123a133ae3c521fd134d7b13a2dec35b56c2463,QRDO,8
0x40821cd074dfecb1524286923bc69315075b5c89,QUAI,18
0xba8a621b4a54e61c442f5ec623687e2a942225ef,QUARTZ,18
0x6c28aef8977c9b773996d0e8376d2ee379446f2f,QUICK,18
0x31c8eacbffdd875c74b94b077895bd78cf1e64a3,RAD,18
0x94804dc4948184ffd7355f62ccbb221c9765886f,RAGE,18
0xe76c6c83af64e4c60245d8c7de953df673a7a33d,RAIL,18
0xeb953eda0dc65e3246f43dc8fa13f35623bdd5ed,RAINI,18
0xac6fe9aa6b996d15f23e2e9a384fe64607bba7d5,RAM,9
0x33d0568941c0c64ff7e0fb4fba0b11bd37deed9f,RAMP,18
0x93dfaf57d986b9ca77df9376c50878e013d9c7c8,RARE,18
0xba5bde662c17e2adff1075610382b9b691296350,RARE,18
0x81b1bfd6cb9ad42db395c2a27f73d4dcf5777e2d,RARE,4
0x5245c0249e5eeb2a0838266800471fd32adb1089,RAY,6
0x5eaa69b29f99c84fe5de8200340b4e9b4ab38eac,RAZE,18
0x50de6856358cc35f3a9a57eaaa34bd4cb707d2cd,RAZOR,18
0xa4eed63db85311e22df4473f87ccfc3dadcfa3e3,RBC,18
0x6123b0049f904d730db3c36a31167d9d4121fa6b,RBN,18
0x4740735aa98dc8aa232bd049f8f0210458e7fca3,RDT,18
0x464fdb8affc9bac185a7393fd4298137866dcfb8,REALM,18
0xfe3e6a25e6b192a42a44ecddcd13796471735acf,REEF,18
0x011864d37035439e078d64630777ec518138af05,REI,18
0xb6c4267c4877bb0d6b1685cfd85b0fbe82f105ec,REL,18
0x5d843fa9495d23de997c394296ac7b4d721e841c,RELAY,18
0x0e58ed58e150dba5fd8e5d4a49f54c7e1e880124,RELI,18
0x83984d6142934bb535793a82adb0a46ef0f66b6d,REM,4
0x459086f2376525bdceba5bdda135e4e9d3fef5bf,RENBCH,8
0x3832d2f059e55934220881f831be501d180671a7,RENDOGE,8
0xd5147bc8e386d91cc5dbe72099dac6c9b99276f5,RENFIL,18
0x2ef52ed7de8c5ce03a4ef0efbe9b7450f2d7edc9,REV,6
0x155040625d7ae3e9cada9a73e3e44f76d3ed1409,REVO,18
0x557b933a7c2c45672b610f8954a3deb39a51a8ca,REVV,18
0xc82eb6dea0c93edb8b697b89ad1b13d19469d635,RFIS,18
0xa1d6df714f91debf4e0802a542e13067f31b8262,RFOX,18
0xaf9f549774ecedbd0966c52f250acc548d3f36e5,RFUEL,18
0xd291e7a03283640fdc51b121ac401383a46cc623,RGT,18
0xad7ca17e23f13982796d27d1e6406366def6ee5f,RHEGIC2,18
0x3f3cd642e81d030d7b514a2ab5e3a5536beb90ec,RHO,18
0x37e808f084101f75783612407e7c3f5f92d8ee3f,RI,18
0xbfa3fa772ea6d1ed0808160c9b705875ca4123a0,RIGHT,18
0x9469d013805bffb7d3debe5e7839237e535ec483,RING,18
0xf21661d0d1d76d3ecb8e1b9f1c923dbfffae4097,RIO,18
0xf1f955016ecbcd7321c7266bccfb96c68ea5e49b,RLY,18
0x2a039b1d9bbdccbb91be28691b730ca893e5e743,RNB,18
0xe94b97b6b43639e238c851a7e693f50033efd75c,RNBW,18
0x6de037ef9ad2725eb40118bb1702ebb27e4aeb24,RNDR,18
0xfb5453340c03db5ade474b27e68b6a9c6b2823eb,ROBOT,18
0xda0b283316b1f998a0be6c371dc7b4f446cd548e,ROC,18
0xff44b937788215eca197baaf9af69dbdc214aa04,ROCKI,18
0x92ece48522e1acbcda4aaa8c2fbf2aa9fb15d624,ROCKS,18
0xa31b1767e09f842ecfd4bc471fe44f830e3891aa,ROOBEE,18
0xad4f86a25bbc20ffb751f2fac312a0b4d8f88c64,ROOM,18
0x9d47894f8becb68b9cf3428d256311affe8b068b,ROPE,18
0x16eccfdbb4ee1a85a33f3a9b21175cd7ae753db4,ROUTE,18
0x7eaf9c89037e4814dc0d9952ac7f888c784548db,ROYA,18
0xc0844fdf1bcbde59a3af0859455d964d350a2cb6,ROYAL,18
0x0e5c8c387c5eba2ecbc137ad012aed5fe729e251,RPG,18
0xa0bb0027c28ade4ac628b7f81e7b93ec71b4e020,RPT,18
0x3b08c03fa8278cf81b9043b228183760376fcdbb,RPTC,18
0xc844ceda9e917302012fa4f3692cc46b6ec54968,RSHIB,18
0xa979f7a5a7d3a0b7ab2e41bcb46f805760013fbc,RSP,18
0x1f6deadcb526c4710cf941872b86dcdfbbbd9211,RTK,18
0x2aeccb42482cc64e087b6d2e5da39f5a7a7001f8,RULER,18
0x3155ba85d5f96b2d030a4966af206230e46849cb,RUNE,18
0xcfcd43d7ee21416a71c2eb9888587d52716fc77a,RUSH,8
0xdc8af07a7861bedd104b8093ae3e9376fc8596d2,RVF,18
0x17ef75aa22dd5f6c2763b8304ab24f40ee54d48a,RVP,18
0x120a3879da835a5af037bb2d1456bebd6b54d4ba,RVST,18
0x5cd2fac9702d68dde5a94b1af95962bcfb80fc7d,RWASTE,18
0xfa14fa6958401314851a17d6c5360ca29f74b57b,SAITO,18
0xe9f84de264e91529af07fa2c746e934397810334,SAK3,18
0x066798d9ef0833ccc719076dab77199ecbd178b0,SAKE,18
0xf063fe1ab7a291c5d06a86e14730b00bf24cb589,SALE,18
0x87cdc02f0812f08cd50f946793706fad9c265e2d,SANA,16
0x7697b462a7c4ff5f8b55bdbc2f4076c2af9cf51a,SARCO,18
0xc54b353a1847d6257795f5293b2682c16640da59,SASH,18
0xc28e27870558cf22add83540d2126da2e4b464c2,SASHIMI,18
0xc9f1016d336ef77aee75fc11ad64c5ecf9121332,SAT,18
0x3ebb4a4e91ad83be51f8d596533818b246f4bee1,SATA,18
0x888e88e71378133b7ada5a90c08bc97d772a0a28,SBECOM,18
0x2697e0974e4fd348869d9cd414b7eaad8ee35c6e,SBF,18
0x309013d55fb0e8c17363bcc79f25d92f711a5802,SBTC,9
0xa008e737e305d700c97b1eb7cc2bf77b2be6f9dd,SCAM,18
0x8424c5ac326834b404742de0067bcb654e86be30,SCAT,18
0xfdc4a3fc36df16a78edcaf1b837d3acaaedb2cb4,SCIFI,18
0x06a87f6afec4a739c367bef69eefe383d27106bd,SCOOBI,18
0x6fa0952355607dfb2d399138b7fe10eb90f245e4,SCT,18
0x993864e43caa7f7f12953ad6feb1d1ca635b875f,SDAO,18
0x537edd52ebcb9f48ff2f8a28c51fcdb9d6a6e0d4,SDOG,18
0x041fdd6637ecfd96af8804278ac12660ac2d12c0,SDX,7
0x30cf203b48edaa42c3b4918e955fed26cd012a3f,SEED,18
0xca3fe04c7ee111f0bbb02c328c699226acf9fd33,SEEN,18
0x773258b03c730f84af10dfcb1bfaa7487558b8ac,SEFI,6
0xf3624e3692fdf95ded5a97d6cca9963f05a4181d,SELON,18
0x97abee33cd075c58bfdd174e0885e08e8f03556f,SENT,18
0x10994aa2fb8e6ba5d9fb2bc127ff228c4fe6167f,SEPA,18
0x04e0af0af1b7f0023c6b12af5a94df59b0e8cf59,SETS,18
0xb753428af26e81097e7fd17f40c88aaa3e04902c,SFI,18
0xf4ea51408e7cece8eb9ebbaf3bfbcec74ac574f4,SFT,18
0x3ea6bae5c10ff3f99925bdf29fd3f8bcae5aaa66,SGLD,18
0x24c19f7101c1731b85f1127eaa0407732e36ecdd,SGT,18
0x84810bcf08744d5862b8181f12d17bfd57d3b078,SGT,18
0x6006fc2a849fedaba8330ce36f5133de01f96189,SHAKE,18
0x39795344cbcc76cc3fb94b9d1b15c23c2070c66d,SHARE,9
0x232afce9f1b3aae7cb408e482e847250843db931,SHARK,18
0x5845cd0205b5d43af695412a79cf7c1aeddb060f,SHD,18
0x232fb065d9d24c34708eedbf03724f2e95abe768,SHEESHA,18
0xc29e9cd9ddc53e60cbc2417517ddd93ef071d18b,SHELON,18
0xcba3eae7f55d0f423af43cc85e67ab0fbf87b61c,SHFT,18
0xb17c88bda07d28b3838e0c1de6a30eafbcf52d85,SHFT,18
0x95ad61b0a150d79219dcf64e1e6cc01f0b64c4ce,SHIB,18
0x49828c1453d317ca3fffa60c8b5f7f42eeaae56a,SHIB2,18
0xc5c43ad81e6c76eaa1f2dd92cb6a11ff6b6d09ea,SHIBCO,9
0x505a84a03e382331a1be487b632cf357748b65d6,SHIBGF,18
0x841fb148863454a3b3570f515414759be9091465,SHIH,18
0xaa7fb1c8ce6f18d4fd4aabb61a2193d4d441c54f,SHIT,6
0xd49efa7bc0d339d74f487959c573d518ba3f8437,SHLD,18
0xcc0014ccb39f6e86b1be0f17859a783b6722722f,SHO,18
0xec0bf0e934d092d31e769e8c9722ffbaa582db3b,SHOKK,9
0x7bef710a5759d197ec0bf621c3df802c2d60d848,SHOPX,18
0xd98f75b1a3261dab9eed4956c93f33749027a964,SHR,2
0xed0439eacf4c4965ae4613d77a5c2efe10e5f183,SHROOM,18
0xd23ac27148af6a2f339bd82d0e3cff380b5093de,SI,18
0x7777777777697cfeecf846a76326da79cc606517,SIG,18
0xcc72961e7ba4a8f7982594b0b661d3f02dcf239f,SIMBA,18
0xeb2c0e11af20fb1c41c6e7abe5ad214e48738514,SINE,18
0x99ddddd8dfe33905338a073047cfad72e6833c06,SINU,9
0x06a01a4d579479dd5d884ebf61a31727a3d8d442,SKEY,8
0x012e0e6342308b247f36ee500ecb14dc77a7a8c1,SKT,8
0x2610f0bfc21ef389fe4d03cfb7de9ac1e6c99d6e,SKYRIM,18
0x755e83f560335e6bb8e45e44460ec4af598e24c9,SLASH,18
0x0aee8703d34dd9ae107386d3eff22ae75dd616d1,SLICE,18
0x07a0ad7a9dfc3854466f8f29a173bf04bba5686e,SLM,18
0x37236cd05b34cc79d3715af2383e96dd7443dcf1,SLP,0
0xcc8fa225d80b9c7d42f96e9570156c65d6caaa25,SLP,0
0xb17548c7b510427baac4e267bea62e800b247173,SMT,18
0xbf776e4fca664d791c4ee3a71e2722990e003283,SMTY,18
0xa3c4dc4a9ce2a6b40b57f25f8b50decc2c64dec2,SNFT,18
0xbdc5bac39dbe132b1e030e898ae3830017d7d969,SNOV,18
0xfe9a29ab92522d14fc65880d817214261d8479ae,SNOW,18
0x795dbf627484f8248d3d6c09c309825c1563e873,SNP,18
0x7865af71cf0b288b4e7f654f4f7851eb46a2b7f8,SNTVT,18
0x23b608675a2b2fb1890d3abbd85c5775c51691d5,SOCKS,18
0x3e8ffc8c3cb0db3081df85dec91b63abbbe99f71,SOME,18
0x0dde6f6e345bfd23f3f419f0dfe04e93143b44fb,SOTA,18
0x79c75e2e8720b39e258f41c37cc4f309e0b0ff80,SOUL,8
0x9631483f28b7f5cbf7d435ab249be8f709215bc3,SPA,24
0x86ed939b500e121c0c5f493f399084db596dad20,SPC,18
0xbcd4b7de6fde81025f74426d43165a5b0d790fdd,SPDR,18
0x090185f2135308bad17527004364ebcc2d37e5f6,SPELL,18
0xa0cf46eb152656c7090e769916eb44a138aaa406,SPH,18
0x8a0cdfab62ed35b836dc0633482798421c81b3ec,SPHRI,18
0x9b02dd390a603add5c07f9fd9175b7dabe8d63b7,SPI,18
0x20f7a3ddf244dc9299975b4da1c39f8d5d75f05a,SPN,6
0xcbe771323587ea16dacb6016e269d7f08a7acc4e,SPO,18
0xe516d78d784c77d479977be58905b3f2b1111126,SPWN,18
0x8d137e3337eb1b58a222fef2b2cc7c423903d9cf,SQGL,18
0x21ad647b8f4fe333212e735bfc1f36b4941e6ad2,SQUID,9
0x373acda15ce392362e4b46ed97a7feecd7ef9eb8,SQUIG,4
0x0488401c3f535193fa8df029d9ffe615a06e74e6,SRK,18
0x5d98030ee646e6b3f25425c31c038310696616ea,SRSC20,18
0xbbff862d906e348e9946bfb2132ecb157da3d4b4,SS,18
0x2ecc48ba346a73d7d55aa5a46b5e314d9daa6161,SSGT,18
0x2863916c6ebdbbf0c6f02f87b7eb478509299868,SST,18
0x1bbb57def2f6192f0b9b8565f49034bf1fcdb604,STACK,18
0xe0955f26515d22e347b17669993fcefcc73c3a0a,STACK,18
0x56a86d648c435dc707c8405b78e2ae8eb4e60ba4,STACK,18
0x5918f7add7fd774cffb8a67cb696ecc4597b5536,STAD,18
0x1f8a626883d7724dbd59ef51cbd4bf1cf2016d13,STAK,18
0xdfe66b14d37c77f4e9b180ceb433d1b164f0281d,STAKEHOUND-stETH,18
0x8e6cd950ad6ba651f6dd608dc70e5886b1aa6b24,STARL,18
0x7ccfeef4f0ff48b0e0abd19bbbebae90939f180d,STARS,18
0xc55c2175e90a46602fd42e931f62b3acc1a013ca,STARS,18
0x1d7ca62f6af49ec66f6680b8606e634e55ef22c1,START,18
0xb987d48ed8f2c468d52d6405624eadba5e76d723,STBZ,18
0x15b543e986b8c34074dfc9901136d9355a537e7e,STC,18
0xfd9cd8c0d18cd7e06958f3055e0ec3adbdba0b17,STFI,18
0x89dcff5fd892f2bfc8b75dba12804b651f769579,STKR,18
0xbe9375c6a420d2eeb258962efb95551a5b722803,STMX,18
0xe63d6b308bce0f6193aec6b7e6eba005f41e36ab,STN,18
0x9040e237c3bf18347bb00957dc22167d0f2b999d,STND,18
0xb4058411967d5046f3510943103805be61f0600e,STONK,18
0x8c3ee4f778e282b59d42d693a97b80b1ed80f4ee,STOP,18
0x08c32b0726c5684024ea6e141c50ade9690bbdcc,STOS,18
0x84bb947fcedba6b9c7dcead42df07e113bb03007,STR,18
0x990f341946a3fdb507ae7e52d17851b87168017c,STRONG,18
0x97872eafd79940c7b24f7bcc1eadb1457347adc9,STRP,18
0x0763fdccf1ae541a5961815c0872a8c5bc6de4d7,SUKU,18
0x043c308bb8a5ae96d0093444be7f56459f1340b1,SUM,18
0xbdbf245c690d54b67c6e610a28486a2c6de08be6,SUNDER,18
0xc890b0d8e98180759ea996563a938dce03a2dd55,SUNU,18
0xe53ec727dbdeb9e2d5456c3be40cff031ab40a55,SUPER,18
0x0563dce613d559a47877ffd1593549fb9d3510d6,SUPERBID,18
0xaa2ce7ae64066175e0b90497ce7d9c190c315db4,SUTER,18
0xa8b3b1392b17f64d5a50b4b4bd3800324d07800b,SVC001,8
0xc434b27736a6882d33094d34792999702860a13c,SVX,9
0x87edffde3e14c7a66c9b9724747a1c5696b742e6,SWAG,18
0xadcc610f96c386d78f68b7f0a04e3a7c8ff94ff8,SWAN,18
0xcc4304a31d09258b0029ea7fe63d032f52e44efe,SWAP,18
0x8cb924583681cbfe487a62140a994a49f833c244,SWAPP,18
0xba21ef4c9f433ede00badefcc2754b8e74bd538a,SWFL,18
0x0bb217e40f8a5cb79adf04e1aab60e5abd0dfc1e,SWFTC,8
0x92ef4ffbfe0df030837b65d7fccfe1abd6549579,SWG,18
0x8287c7b963b405b7b8d467db9d79eec40625b13a,SWINGBY,18
0x3505f494c3f0fed0b594e01fa41dd3967645ca39,SWM,18
0xb8baa0e4287890a5f79863ab62b7f175cecbd433,SWRV,18
0x3ac2ab91ddf57e2385089202ca221c360ced0062,SWSH,18
0xb4371da53140417cbb3362055374b10d97e420bb,SWTH,8
0x99fe3b1391503a1bc1788051347a1324bff41452,SX,18
0x6a126b1a4d6a66370930eca642eff93d8e1be321,SXHC,12
0xf293d23bf2cdc05411ca0eddd588eb1977e8dcd4,SYLO,18
0x57db3ffca78dbbe0efa0ec745d55f62aa0cbd345,SYMM,18
0x0f2d719407fdbeff09d87557abb7232601fd9f29,SYN,18
0x1695936d6a953df699c38ca21c2140d497c08bd9,SYN,18
0xb6ff96b8a8d214544ca0dbc9b33f7ad6503efd32,SYNC,18
0x4f9f3504d6c3670672692fcbcaeb409b0cfb40b2,TAIYAKI,18
0x1d4ccc31dab6ea20f461d329a0562c1c58412515,TALAO,18
0xcaabcaa4ca42e1d86de1a201c818639def0ba7a7,TALK,18
0x182f4c4c97cd1c24e1df8fc4c053e5c47bf53bef,TANGO,18
0x7f1f2d3dfa99678675ece1c243d3f7bc3746db5d,TAP,18
0x4a7adcb083fe5e3d6b58edc3d260e2e61668e7a2,TBB,18
0xa1ed0364d53394209d61ae8bfdb8ff50484d8c91,TBC,18
0x8daebade922df735c38c80c7ebd708af50815faa,TBTC,18
0x16c52ceece2ed57dad87319d91b5e3637d50afa4,TCAP,18
0x06576eb3b212d605b797dc15523d9dc9f4f66db4,TCP,18
0x9c4a4204b79dd291d6b6571c5be8bbcd0622f050,TCR,18
0xe38b72d6595fd3885d1d2f770aa23e94757f91a1,TCR,8
0x6286a9e6f7e745a6d884561d88f94542d6715698,TECH,18
0x2d5bed63b0fe325ed3b865ae2cdaa3649eb25461,TESLF,18
0xaef4f02e31cdbf007f8d98da4ae365188a0e9ecc,TFT,8
0x00000000441378008ea67f4284a57932b1c000a5,TGBP,18
0xdb0c52980e66ef97ee2ab85f57f86cd53928ac93,THANOS,9
0x9e10f61749c4952c320412a6b26901605ff6da1d,THEOS,18
0x29cbd0510eec0327992cd6006e63f9fa8e7f33b7,TIDAL,18
0x485d17a6f1b8780392d53d64751824253011a260,TIME,8
0xc626d951eff8e421448074bd2ad7805c6d585793,TKING,18
0x24e89bdf2f65326b94e36978a7edeac63623dafa,TKING,18
0x679131f591b4f369acb8cd8c51e68596806c3916,TLN,18
0x7825e833d495f3d1c28872415a4aee339d26ac88,TLOS,18
0x1999a92711cf8815b7f6b07bd34b4287d853cfba,TOADZ,18
0x4fb721ef3bf99e0f2c193847afa296b9257d3c30,TOK,8
0x2e9d63788249371f1dfc918a52f8d799f4a38c94,TOKE,18
0x05d3606d5c81eb9b7b18530995ec9b29da05faba,TOMOE,18
0x582d872a1b094fc48f5de31d3b73f2d9be47def1,TONCOIN,9
0x2ab6bb8408ca3199b8fa6c92d5b455f820af03c4,TONE,18
0x77777feddddffc19ff86db637967013e6c6a116c,TORN,18
0xf136d7b0b7ae5b86d21e7b78dfa95375a7360f19,TOSHI,18
0x6ff1bfa14a57594a5874b37ff6ac5efbd9f9599a,TOTM,18
0x1c9922314ed1415c95b9fd453c3818fd41867d0b,TOWER,18
0x4161725d019690a3e0de50f6be67b07a86a9fae1,TPT,4
0x6f87d756daf0503d08eb8993686c7fc01dc44fb1,TRADE,18
0x6e5970dbd6fc7eb1f29c6d2edf2bc4c36124c0c1,TRADE,18
0x88df592f8eb5d7bd38bfef7deb0fbc02cf3778a0,TRB,18
0x3a856d4effa670c54585a5d523e96513e148e95d,TRIAS,18
0xc7283b66eb1eb5fb86327f08e1b5816b0720212b,TRIBE,18
0xc3dd23a0a854b4f9ae80670f528094e9eb607ccb,TRND,18
0x831168e04047d881968d236249689cc001a6da08,TRO,18
0xa690a5349054d8c8a887591b0ff5eb944f56274a,TRUDOGE,9
0x57700244b20f84799a31c6c96dadff373ca9d6c5,TRUST,18
0x734c90044a0ba31b3f2e640c10dc5d3540499bfd,TSX,18
0xecacab6725ac1711d97e55df35d525b863b8b9f7,TT,18
0x9f599410d207f3d2828a8712e5e543ac2e040382,TTT,18
0xd084b83c305dafd76ae3e1b4e1f1fe2ecccb3988,TVK,18
0x8eef5a82e6aa222a60f009ac18c24ee12dbf4b41,TXL,18
0x4c19596f5aaff459fa38b0f7ed92f11ae6543784,TrueFi,8
0xf65b5c5104c4fafd4b709d9d60a185eae063276c,Truebit,18
0x1cde42a34d549fbc1e75f63e56867f14a8e1175b,UBC,18
0xdd1ad9a21ce722c151a836373babe42c868ce9a4,UBI,18
0xf5b5efc906513b4344ebabcf47a04901f99f09f3,UBX,0
0x8564653879a18c560e7c0ea0e084c516c62f5653,UBXT,18
0x8a3d77e9d6968b780564936d15b09805827c21fa,UCO,18
0xe7bf7fe480a707cf516b4dc431ea8958ab427220,UCS,18
0xea3983fc6d0fbbc41fb6f6091f68f3e08894dc06,UDO,18
0x12f649a9e821f90bb143089a6e56846945892ffb,UDOO,18
0x90de74265a416e1393a450752175aed98fe11517,UDT,18
0x40986a85b4cfcdb054a6cbfb1210194fee51af88,UFARM,18
0xcda4e840411c00a614ad9205caec807c7458a0e3,UFI,18
0x249e38ea4102d0cf8264d3701f1a0e39c4f2dc3b,UFO,18
0x0202be363b8a4820f3f4de7faf5224ff05943ab1,UFT,18
0x9cf98eb8a8b28c83e8612046cf55701ce3eb0063,UGT,18
0x035bfe6057e15ea692c0dfdcab3bb41a64dd2ad4,ULU,18
0xb19dd661f076998e3b0456935092a233e12c2280,UM,18
0x6fc13eace26590b80cccab1ba5d51890577d83b2,UMB,18
0xa4bbe66f151b22b167127c770016b15ff97dd35c,UMBR,18
0x61107a409fffe1965126aa456af679719695c69c,UMI,18
0x10be9a8dae441d276a5027936c3aaded2d82bc15,UMX,18
0xf29e46887ffae92f1ff87dfe39713875da541373,UNC,18
0xf1795e0962c72a17b224335887b82e8a37afa430,UNCK,18
0x2f4eb47a1b1f4488c71fc10e39a4aa56af33dd49,UNCL,18
0x2d94408f45b2e6fa9effe1068b75116187c4e388,UNCLE,18
0xadb2437e6f65682b85f814fbc12fec0508a7b1d0,UNCX,18
0xd03b6ae96cae26b743a6207dcee7cbe60a425c70,UNDB,18
0x95b3497bbcccc46a8f45f5cf54b0878b39f8d96c,UNIDX,18
0x9e78b8274e1d6a76a0dbbf90418894df27cbceb5,UNIFI,18
0x825130aa1beef07bdf4f389705321816d05b0d0f,UNII,18
0x3758e00b100876c854636ef8db61988931bb8025,UNIQ,18
0x9ed8e7c9604790f7ec589f99b94361d8aab64e5e,UNISTAKE,18
0x226f7b842e0f0120b7e194d05432b3fd14773a9d,UNN,18
0x474021845c4643113458ea4414bdb7fb74a01a77,UNO,18
0x8d610e20481f4c4f3acb87bba9c46bef7795fdfe,UNT,18
0xf009f5531de69067435e32c4b9d36077f4c4a673,UNV,18
0xd13c7342e1ef687c5ad21b27c2b65d772cab5c8c,UOS,4
0xf720e38f678b29b243f7d53b56acbf5de98f2385,UPR,18
0x1735db6ab5baa19ea55d0adceed7bcdc008b3136,URQA,18
0x6c5fbc90e4d78f70cc5025db005b39b03914fc0c,URUS,18
0x9a1997c130f4b2997166975d9aff92797d5134c2,USDAP,18
0x674c6ad92fd080e4004b2312b45f796a192d27a0,USDN,18
0x1456688345527be1f37e9e627da0837d6f08c925,USDP,18
0xeb269732ab75a6fd61ea60b06fe994cd32a83549,USDX,18
0x147e3d644d53adadd18a28201b91e2b98aeb7f94,USE,18
0xe0e05c43c097b0982db6c9d626c4eb9e95c3b9ce,USF,18
0xc18e7a03f8986798323658dd8645f93aa79ac5c9,USKITA,9
0xa47c8bf37f92abed4a126bda807a7b7498661acd,UST,18
0xdc9ac3c20d1ed0b540df9b1fedc10039df13f99c,UTK,18
0x99f2b69ee2468c834a634ff50d930ae64e3e500f,UTRIN,18
0xa58a4f5c4bb043d2cc1e170613b74e767c94189b,UTU,18
0xdbdd6f355a37b94e6c7d32fef548e98a280b8df5,UWL,18
0xe7ae6d0c56cacaf007b7e4d312f9af686a9e9a04,VAB,18
0x9f801c1f02af03cc240546dadef8e56cd46ea2e9,VAI-VAIOT,18
0xe88f8313e61a97cec1871ee37fbbe2a8bf3ed1e4,VAL,18
0x49e833337ece7afe375e44f4e3e8481029218e5c,VALUE,18
0x9263dc18a4d2af78a3c2e1b95320076b94b5667f,VBEE,18
0x340d2bde5eb28c1eed91b2f790723e3b160613b7,VEE,18
0xcb84d72e61e383767c4dfeb2d8ff7f4fb89abc6e,VEGA,18
0xcfeb09c3c5f0f78ad72166d55f9e6e9a60e96eec,VEMP,18
0xe14e06671702f0db50055388c29adc66821d933b,VEN,18
0xd7f0cc50ad69408ae58be033f4f85d2367c2e468,VERA,18
0x7ae0d42f23c33338de15bfa89c7405c068d9dc0a,VERSE,18
0x1f19f83fc9a25f3c861260143e36c17706257986,VEST,18
0xc3d088842dcf02c13699f936bb83dfbbc6f721ab,VETH,18
0x5af2be193a6abca9c8817001f45744777db30756,VGX,8
0x8b6c3b7c01d9db4393f9aa734750f36df1543e9a,VI,18
0xe8ff5c9c75deb346acac493c463c8950be03dfba,VIBE,18
0x2c9023bbc572ff8dc1228c7858a280046ea8c9e5,VID,18
0xfef4185594457050cc9c23980d301908fe057bb1,VIDT,18
0x3d3d35bb9bec23b06ca00fe472b50e7a4c692c30,VIDYA,18
0xf406f7a9046793267bc276908778b29563323996,VISION,18
0xf938424f7210f31df2aee3011291b658f872e91e,VISR,18
0xd0f05d3d4e4d1243ac826d8c6171180c58eaa9bc,VNTW,18
0x5166e09628b696285e3a151e84fb977736a83575,VOL,18
0x5eeaa2dcb23056f4e8654a349e57ebe5e76b5e6e,VPP,18
0xf411903cbc70a74d22900a5de66a2dda66507255,VRA,18
0x72377f31e30a405282b522d588aebbea202b4f23,VRN,18
0x87de305311d5788e8da38d19bb427645b09cb4e5,VRX,18
0x1b40183efb4dd766f11bda7a7c3ad8982e998421,VSP,18
0xceb286c9604c542d3cc08b41aa6c9675b078a832,VTX,18
0x755be920943ea95e39ee2dc437b268917b580d6e,VVT,18
0x7d29a64504629172a429e64183d6673b9dacbfce,VXV,18
0x777ba4d2393ea77893322743c7d817efef872204,W3B,18
0x0a8b16b27d5219c8c6b57d5442ce31d81573eee4,WAG8,8
0xb2279b6769cfba691416f00609b16244c0cf4b20,WAIF,18
0xe7f4c89032a2488d327323548ab0459676269331,WAIFU,18
0x3383c5a8969dc413bfddc9656eb80a1408e4ba20,WANATHA,18
0xed40834a13129509a89be39a9be9c0e96a0ddd71,WARP,18
0x0c572544a4ee47904d54aaa6a970af96b6f00e1b,WAS,18
0x896e145568624a498c5a909187363ae947631503,WASABI,18
0x1cf4592ebffd730c7dc92c1bdffdfc3b9efcf29a,WAVES,18
0x7a2bc711e19ba6aff6ce8246c546e8c4b4944dfd,WAXE,8
0x396ec402b42066864c406d1ac3bc86b575003ed8,WBUY,2
0x21686f8ce003a95c99acd297e302faacf742f7d4,WCCX,6
0xe452e6ea2ddeb012e20db73bf5d3863a3ac8d77a,WCELO,18
0x09fe5f0236f0ea5d930197dce254d77b04128075,WCK,18
0x35a532d376ffd9a705d0bb319532837337a398e7,WDOGE,18
0xc6065b9fc8171ad3d29bad510709249681758972,WFAIR,18
0xa10740ff9ff6852eac84cdcff9184e1d6d27c057,WG0,18
0xb14b87790643d2dab44b06692d37dd95b4b30e56,WGK,18
0x9355372396e3f6daf13359b7b607a3374cc638e0,WHALE,4
0x5f0e628b693018f639d10e4a4f59bd4d8b2b6b44,WHITE,18
0x2af72850c504ddd3c1876c66a914caee7ff8a46a,WHL,18
0x2a3bff78b79a009976eea096a51a948a3dc00e34,WILD,18
0x08a75dbc7167714ceac1a8e43a8d643a4edd625a,WILD,18
0x66a0f676479cee1d7373f3dc2e2952778bff5bd6,WISE,18
0xa00055e6ee4d1f4169096ecb682f70caa8c29987,WIVA,18
0x87931e7ad81914e7898d07c68f145fc0a553d8fb,WIZARD,18
0xf203ca1769ca8e9e8fe1da9d147db68b6c919817,WNCG,18
0x04969cd041c0cafb6ac462bd65b536a5bdb3a670,WOMI,18
0x644dd21a0a423bbd8322c09cffdbc511d1638ba0,WOOFT,18
0xd0660cd418a64a1d44e9214ad8e459324d8157f1,WOOFY,12
0x2849e422dafac5cf100d841498bbc64268d2b933,WOSHIB,18
0x3405a1bd46b85c5c029483fbecf2f3e611026e45,WOW,18
0x672ef7e4fe230b5ca1466c5fdd40588d30fdf90a,WOWS,18
0xdfc3829b127761a3218bfcee7fc92e1232c9d116,WPRCY,8
0x06677dc4fe12d3ba3c7ccfd0df8cd45e4d4095bf,WQT,18
0x62f8dbdea37a4ed40ff3d2631001e4490c13218f,WSB,18
0x2b89bf8ba858cd2fcee1fada378d5cd6936968be,WSCRT,6
0xcbdf1deb934e945a70b7289bb98e97013777f820,WSDOGE,9
0x9b00e6e8d787b13756eb919786c9745054db64f9,WSIENNA,18
0xedeec5691f23e4914cf0183a4196bbeb30d027a0,WSTA,18
0x25c7b64a93eb1261e130ec21a3e9918caa38b611,WVG0,18
0x07ca256267128fbe1a79b74fc7b0e6ed3359ad08,WWT,9
0x41045282901e90bda7578d628e479e5421d1cdd5,X22,18
0xf911a7ec46a2c6fa49193212fe4a2a9b95851c27,XAMP,9
0x5de7cc4bcbca31c473f6d2f27825cfb09cc0bb16,XBE,18
0xecbf566944250dde88322581024e611419715f7a,XBTC,9
0x7659ce147d0e714454073a5dd7003544234b6aa0,XCAD,18
0xe1c7e30c42c24582888c758984f6e382096786bd,XCUR,8
0xb9eefc4b0d472a44be93970254df4f4016569d27,XDB,7
0x000000000000d0151e748d25b766e77efe2a6c83,XDEX,18
0xee573a945b01b788b9287ce062a0cfc15be9fd86,XED,18
0xe4cfe9eaa8cdb0942a80b7bc68fd8ab0f6d44903,XEND,18
0xe4e822c0d5b329e8bb637972467d2e313824efa0,XFI,18
0x4aa41bc1649c9c3177ed16caaa11482295fc7441,XFIT,18
0xabe580e7ee158da464b51ee1a83ac0289622e6be,XFT,18
0x892a6f9df0147e5f079b0993f486f9aca3c87881,XFUND,9
0x06b179e292f080871825bed5d722162fd96b4c95,XGG,18
0x295b42684f90c77da7ea46336001010f2791ec8c,XI,18
0x0f7f961648ae6db43c75663ac7e5414eb79b5704,XIO,18
0x31024a4c3e9aeeb256b825790f5cb7ac645e7cd5,XIOT,3
0x44f262622248027f8e2a8fb1090c4cf85072392c,XIV,18
0x4f6103bad230295bacf30f914fda7d4273b7f585,XKI,6
0x06890d4c65a4cb75be73d7ccb4a8ee7962819e81,XKNCB,18
0x3aada3e213abf8529606924d8d1c55cbdc70bf74,XMON,18
0xbf1d65af601dcff5b804e02a75833ff51e3869b2,XMPT,18
0xbc86727e770de68b1060c91f6bb6945c73e10388,XNK,18
0x40fd72257597aa14c7231a7b1aaa29fce868f677,XOR,18
0x948c70dc6169bfb10028fdbe96cbc72e9562b2ac,XP,18
0xd7efb00d12c2c13131fd319336fdf952525da2af,XPR,4
0x69fa0fee221ad11012bab0fdb45d444d3d2ce71c,XRUNE,18
0x70e8de73ce538da2beed35d14187f6959a8eca96,XSGD,6
0x7f3edcdd180dbe4819bd98fee8929b5cedb3adeb,XTK,18
0xcd1faff6e578fa5cac469d2418c95671ba1a62fe,XTM,18
0x55296f69f40ea6d20e478533c15a6b08b654e758,XYO,18
0x618679df9efcd19694bb1daa8d00718eacfa2883,XYZ,18
0x4ee438be38f8682abb089f2bfea48851c5e71eaf,YAE,18
0x0aacfbec6a24756c20d41914f2caba817c0d8521,YAM,18
0x0e2298e3b3390e3b945a5456fbf59ecc3f55da16,YAM,18
0xaba8cac6866b83ae4eec97dd07ed254282f6ad8a,YAMV2,24
0xb1dc9124c395c1e97773ab855d66e879f053a289,YAX,18
0x0ada190c81b814548ddc2f6adc4a689ce7c1fe73,YAXIS,18
0x7815bda662050d84718b988735218cffd32f75ea,YEL,18
0x468ab3b1f63a1c14b361bc367c3cc92277588da1,YELD,18
0xb4bebd34f6daafd808f73de0d10235a92fbb6c3d,YETI,18
0xf4cd3d3fda8d7fd6c5a500203e38640a70bf9577,YF-DAI,18
0x4f4f0ef7978737ce928bff395529161b44e27ad9,YFD,18
0xa1d0e215a23d7030842fc67ce582a6afa3ccab83,YFII,18
0x28cb7e841ee97947a86b06fa4090c8451f64c0be,YFL,18
0x9cd39da8f25ec50cf2ee260e464ac23ea23f6bb0,YFT,18
0x94f31ac896c9823d81cf9c2c93feceed4923218f,YFTE,18
0x25f8087ead173b73d6e8b84329989a8eea16cf73,YGG,18
0xa8b61cff52564758a204f841e636265bebc8db9b,YIELD,18
0x9ba60ba98413a60db4c651d4afe5c937bbd8044b,YLA,18
0xd0658324074d6249a51876438916f7c423075451,YLAND,18
0xdcb01cc464238396e213a6fdd933e36796eaff9f,YLD,18
0xf94b5c5651c888d928439ab6514b93944eee6f48,YLD(YIELD-App),18
0x88cb253d4c8cab8cdf7948a9251db85a13669e23,YLDY,18
0x4787610b082832106a12bde9dd398148b54afa4f,YMI,18
0xae1eaae3f627aaca434127644371b67b18444051,YOP,8
0x17525e4f4af59fbc29551bc4ece6ab60ed49ce31,YPIE,18
0xeea9ae787f3a620072d13b2cdc8cabffb9c0ab96,YSEC,18
0x5322a3556f979ce2180b30e689a9436fddcb1021,YTSLA,18
0x69bbc3f8787d573f1bbdd0a5f40c7ba0aee9bcc9,YUP,18
0x9d409a0a012cfba9b15f6d4b36ac57a46966ab9a,YVBOOST,18
0x6781a0f84c7e9e846dcb84a9a5bd49333067b104,ZAP,18
0xc52c326331e9ce41f04484d3b5e5648158028804,ZCX,18
0x5150956e082c748ca837a5dfa0a7c10ca4697f9c,ZDEX,18
0x2edf094db69d6dcd487f1b3db9febe2eec0dd4c5,ZEE,18
0xb1e9157c2fdcc5a856c8da8b2d89b6c32b3c1229,ZEFU,18
0xf0939011a9bb95c3b791f0cb546377ed2693a574,ZERO,18
0x7bebd226154e865954a87650faefa8f485d36081,ZIG,18
0xedd7c94fd7b4971b916d15067bc454b9e1bad980,ZIPT,18
0xe4815ae53b124e7263f08dcdbbb757d41ed658c6,ZKS,18
0xc1d9b5a0776d7c8b98b8a838e5a0dd1bc5fdd53c,ZONE,18
0xd8e3fb3b08eba982f2754988d70d57edc0055ae6,ZORA,9
0xfee5f54e1070e7ed31be341e0a5b1e847f6a84ab,ZUG,18
0x83f873388cd14b83a9f47fabde3c9850b5c74548,ZUT,18
0x202f1877e1db1120ca3e9a98c5d505e7f035c249,ZUZ,18
0xf974b5f9ac9c6632fee8b76c61b0242ce69c839d,ZYX,18
0xfc1e690f61efd961294b3e1ce3313fbd8aa4f85d,aDAI,18
0x6b4d5e9ec2acea23d4110f4803da99e25443c5df,aKLIMA,18
0x030ba81f1c18d280636f32af80b9aad02cf0854e,aWETH,18
0xe95a203b1a91a908f9b9ce46459d101078c2c3cb,ankrETH,18
0x19d97d8fa813ee2f51ad4b4e04ea08baf4dffc28,bBADGER,18
0x00e2dde5a0e824740ed4bd2a27d6a6b0d92d8c99,bBETA,18
0x7e7e112a68d8d2e221e11047a72ffc1065c38e1a,bDIGG,18
0x0309c98b1bffa350bcb3f9fb9780970ca32a5060,bDPI,18
0x7d4b1d793239707445305d8d2456d2c735f6b25b,cBSN,18
0x5d3a536e4d6dbd6114cc1ead35777bab948e3643,cDAI,8
0x4ddc2d193948926d02f9b1fe9e1daa0718270ed5,cETH,8
0xf5dce57282a584d2746faf1593d3121fcac444dc,cSAI,8
0x39aa39c021dfbae8fac545936693ac917d5e7563,cUSDC,8
0x3f5dd1a1538a4f9f82e543098f01f22480b0a3a8,dKUMA,18
0xdeb14c17e9c8ed4c64a2194e7758a072af69ef89,eEMPEROR,18
0x365200f8fa677158fe690fbf36fbe82fc4f6769f,eMinion,18
0x4b7dfae2567181e54776337c840e142acb42aa1f,gKIMCHI,18
0x560cc7de81b2a594f6518713cbe122bcf297a6e8,i7,18
0xc4e15973e6ff2a35cc804c2cf9d2a1b817a8b40f,ibBTC,18
0x67b66c99d3eb37fa76aa3ed1ff33e8e39f0b9c7a,ibETHv1,18
0x96e61422b6a9ba0e068b6c5add4ffabc6a4aae27,ibEUR,18
0x3212b29e33587a00fb1c83346f5dbfa69a458923,imBTC,8
0x2772b0dd22381932b104d683e73c5ecb5a3a2408,mLOOT,18
0xe2f2a5c287993345a840db3b0845fbc70f5935a5,mUSD,18
0x5228a22e72ccc52d415ecfd199f99d0665e7733b,pBTC,18
0x3c3842c4d3037ae121d69ea1e7a0b61413be806c,rKSM,18
0x1b17dbb40fbed8735e7fe8c9eb02c20984fadfd6,rUMB1,18
0x1c5db575e2ff833e46a2e9864c22f4b22e0b37c2,renZEC,8
0x5e74c9036fb86bd7ecdcb084a0673efc32ea31cb,sETH,18
0x398aea1c9ceb7de800284bb399a15e0efe5a9ec2,sILV,18
0x4da27a545c0c5b758a6ba100e3a049001de870f5,stkAAVE,18
0xd4f2249dd6c26446f1413f6d97f14fcaa7792545,uGMC,18
0x21ae9e080a53ab98cc1266ed1c8cc27ffd3256d5,uTVL-0621,18
0x48fb253446873234f2febbf9bdeaa72d9d387f94,vBNT,18
0xa0afaa285ce85974c3c881256cb7f225e3a1178a,wCRES,18
0x123151402076fc819b7564510989e475c9cd93ca,wDGLD,8
0x0b63128c40737b13647552e0c926bcfeccc35f93,wLITI,18
0x71ba91dc68c6a206db0a6a92b4b1de3f9271432d,wMBX,18
0x4a5b3d0004454988c50e8de1bcfc921ee995ade3,wXEQ,18
0x7f39c581f595b53c5cb19bd0b3f8da6c935e2ca0,wstETH,18
0xb4a81261b16b92af0b9f7c4a83f1e885132d81e4,xSHIB,18
0x8798249c2e607446efb7ad49ec89dd1865ff4272,xSUSHI,18
0x5dbcf33d8c2e976c6b560249878e6f1491bca25c,yUSD,18
0xc5bddf9843308380375a611c18b50fb9341f502a,yveCRV-DAO,18
0x76417e660df3e5c90c0361674c192da152a806e4,zUSD,18